,name_long,name,path_left_read,path_right_read,region,location,latitude,longitude,altitude
0,Sweden-Aspo.ASP01,ASP01,betula_pendula/40541_ID1242_239-ASP01-A003-G06_S1_L001_R1_001.fastq.gz,betula_pendula/40541_ID1242_239-ASP01-A003-G06_S1_L001_R2_001.fastq.gz,Sweden,Aspo,59.48,17.0,30
1,Sweden-Aspo.ASP02,ASP02,betula_pendula/40821_ID1242_123-ASP02-A002-C04_S1_L001_R1_001.fastq.gz,betula_pendula/40821_ID1242_123-ASP02-A002-C04_S1_L001_R2_001.fastq.gz,Sweden,Aspo,59.48,17.0,30
2,Sweden-Aspo.ASP03,ASP03,betula_pendula/40597_ID1242_295-ASP03-A004-G01_S1_L001_R1_001.fastq.gz,betula_pendula/40597_ID1242_295-ASP03-A004-G01_S1_L001_R2_001.fastq.gz,Sweden,Aspo,59.48,17.0,30
3,Sweden-Aspo.ASP04,ASP04,betula_pendula/40515_ID1242_213-ASP04-A003-E03_S1_L001_R1_001.fastq.gz,betula_pendula/40515_ID1242_213-ASP04-A003-E03_S1_L001_R2_001.fastq.gz,Sweden,Aspo,59.48,17.0,30
4,Sweden-Aspo.ASP05,ASP05,betula_pendula/40519_ID1242_217-ASP05-A003-A04_S1_L001_R1_001.fastq.gz,betula_pendula/40519_ID1242_217-ASP05-A003-A04_S1_L001_R2_001.fastq.gz,Sweden,Aspo,59.48,17.0,30
5,Sweden-Aspo.ASP06,ASP06,betula_pendula/40880_ID1242_182-ASP06-A002-F11_S1_L001_R1_001.fastq.gz,betula_pendula/40880_ID1242_182-ASP06-A002-F11_S1_L001_R2_001.fastq.gz,Sweden,Aspo,59.48,17.0,30
6,Sweden-Aspo.ASP07,ASP07,betula_pendula/40780_ID1242_82-ASP07-A001-B11_S1_L001_R1_001.fastq.gz,betula_pendula/40780_ID1242_82-ASP07-A001-B11_S1_L001_R2_001.fastq.gz,Sweden,Aspo,59.48,17.0,30
7,Sweden-Aspo.ASP08,ASP08,betula_pendula/40587_ID1242_285-ASP08-A003-E12_S1_L001_R1_001.fastq.gz,betula_pendula/40587_ID1242_285-ASP08-A003-E12_S1_L001_R2_001.fastq.gz,Sweden,Aspo,59.48,17.0,30
8,Sweden-Aspo.ASP09,ASP09,betula_pendula/40542_ID1242_240-ASP09-A003-H06_S1_L001_R1_001.fastq.gz,betula_pendula/40542_ID1242_240-ASP09-A003-H06_S1_L001_R2_001.fastq.gz,Sweden,Aspo,59.48,17.0,30
9,Sweden-Aspo.ASP10,ASP10,betula_pendula/40567_ID1242_265-ASP10-A003-A10_S1_L001_R1_001.fastq.gz,betula_pendula/40567_ID1242_265-ASP10-A003-A10_S1_L001_R2_001.fastq.gz,Sweden,Aspo,59.48,17.0,30
10,Sweden-Aspo.ASP11,ASP11,betula_pendula/40534_ID1242_232-ASP11-A003-H05_S1_L001_R1_001.fastq.gz,betula_pendula/40534_ID1242_232-ASP11-A003-H05_S1_L001_R2_001.fastq.gz,Sweden,Aspo,59.48,17.0,30
11,Sweden-Aspo.ASP12,ASP12,betula_pendula/40506_ID1242_204-ASP12-A003-D02_S1_L001_R1_001.fastq.gz,betula_pendula/40506_ID1242_204-ASP12-A003-D02_S1_L001_R2_001.fastq.gz,Sweden,Aspo,59.48,17.0,30
12,Sweden-Aspo.ASP13,ASP13,betula_pendula/40844_ID1242_146-ASP13-A002-B07_S1_L001_R1_001.fastq.gz,betula_pendula/40844_ID1242_146-ASP13-A002-B07_S1_L001_R2_001.fastq.gz,Sweden,Aspo,59.48,17.0,30
13,Sweden-Aspo.ASP14,ASP14,betula_pendula/40554_ID1242_252-ASP14-A003-D08_S1_L001_R1_001.fastq.gz,betula_pendula/40554_ID1242_252-ASP14-A003-D08_S1_L001_R2_001.fastq.gz,Sweden,Aspo,59.48,17.0,30
14,Sweden-Aspo.ASP15,ASP15,betula_pendula/40884_ID1242_186-ASP15-A002-B12_S1_L001_R1_001.fastq.gz,betula_pendula/40884_ID1242_186-ASP15-A002-B12_S1_L001_R2_001.fastq.gz,Sweden,Aspo,59.48,17.0,30
15,Sweden-Aspo.ASP16,ASP16,betula_pendula/40754_ID1242_56-ASP16-A001-H07_S1_L001_R1_001.fastq.gz,betula_pendula/40754_ID1242_56-ASP16-A001-H07_S1_L001_R2_001.fastq.gz,Sweden,Aspo,59.48,17.0,30
16,Sweden-Aspo.ASP17,ASP17,betula_pendula/40529_ID1242_227-ASP17-A003-C05_S1_L001_R1_001.fastq.gz,betula_pendula/40529_ID1242_227-ASP17-A003-C05_S1_L001_R2_001.fastq.gz,Sweden,Aspo,59.48,17.0,30
17,Sweden-Aspo.ASP18,ASP18,betula_pendula/40846_ID1242_148-ASP18-A002-D07_S1_L001_R1_001.fastq.gz,betula_pendula/40846_ID1242_148-ASP18-A002-D07_S1_L001_R2_001.fastq.gz,Sweden,Aspo,59.48,17.0,30
18,Sweden-Aspo.ASP19,ASP19,betula_pendula/40803_ID1242_105-ASP19-A002-A02_S1_L001_R1_001.fastq.gz,betula_pendula/40803_ID1242_105-ASP19-A002-A02_S1_L001_R2_001.fastq.gz,Sweden,Aspo,59.48,17.0,30
19,Sweden-Aspo.ASP20,ASP20,betula_pendula/40857_ID1242_159-ASP20-A002-G08_S1_L001_R1_001.fastq.gz,betula_pendula/40857_ID1242_159-ASP20-A002-G08_S1_L001_R2_001.fastq.gz,Sweden,Aspo,59.48,17.0,30
20,Sweden-Aspo.ASP21,ASP21,betula_pendula/40864_ID1242_166-ASP21-A002-F09_S1_L001_R1_001.fastq.gz,betula_pendula/40864_ID1242_166-ASP21-A002-F09_S1_L001_R2_001.fastq.gz,Sweden,Aspo,59.48,17.0,30
21,Sweden-Aspo.ASP22,ASP22,betula_pendula/40875_ID1242_177-ASP22-A002-A11_S1_L001_R1_001.fastq.gz,betula_pendula/40875_ID1242_177-ASP22-A002-A11_S1_L001_R2_001.fastq.gz,Sweden,Aspo,59.48,17.0,30
22,Sweden-Aspo.ASP50,ASP50,betula_pendula/40917_ID1242_411-ASP50-A005-C04_S1_L001_R1_001.fastq.gz,betula_pendula/40917_ID1242_411-ASP50-A005-C04_S1_L001_R2_001.fastq.gz,Sweden,Aspo,59.48,17.0,30
23,Sweden-Aspo.ASP55,ASP55,betula_pendula_resequence/45504_ID1242_292-ASP55-A004-D01_S2_L001_R1_001.fastq.gz,betula_pendula_resequence/45504_ID1242_292-ASP55-A004-D01_S2_L001_R2_001.fastq.gz,Sweden,Aspo,59.48,17.0,30
24,Sweden-Aspo.ASP56,ASP56,betula_pendula/40842_ID1242_144-ASP56-A002-H06_S1_L001_R1_001.fastq.gz,betula_pendula/40842_ID1242_144-ASP56-A002-H06_S1_L001_R2_001.fastq.gz,Sweden,Aspo,59.48,17.0,30
25,Sweden-Brattby.BRA01,BRA01,betula_pendula/40604_ID1242_302-BRA01-A004-F02_S1_L001_R1_001.fastq.gz,betula_pendula/40604_ID1242_302-BRA01-A004-F02_S1_L001_R2_001.fastq.gz,Sweden,Brattby,63.91,19.97,170
26,Sweden-Brattby.BRA02,BRA02,betula_pendula/40646_ID1242_344-BRA02-A004-H07_S1_L001_R1_001.fastq.gz,betula_pendula/40646_ID1242_344-BRA02-A004-H07_S1_L001_R2_001.fastq.gz,Sweden,Brattby,63.91,19.97,170
27,Sweden-Brattby.BRA04,BRA04,betula_pendula/40843_ID1242_145-BRA04-A002-A07_S1_L001_R1_001.fastq.gz,betula_pendula/40843_ID1242_145-BRA04-A002-A07_S1_L001_R2_001.fastq.gz,Sweden,Brattby,63.91,19.97,170
28,Sweden-Brattby.BRA05,BRA05,betula_pendula/40745_ID1242_47-BRA05-A001-G06_S1_L001_R1_001.fastq.gz,betula_pendula/40745_ID1242_47-BRA05-A001-G06_S1_L001_R2_001.fastq.gz,Sweden,Brattby,63.91,19.97,170
29,Sweden-Brattby.BRA06,BRA06,betula_pendula/40888_ID1242_190-BRA06-A002-F12_S1_L001_R1_001.fastq.gz,betula_pendula/40888_ID1242_190-BRA06-A002-F12_S1_L001_R2_001.fastq.gz,Sweden,Brattby,63.91,19.97,170
30,Sweden-Brattby.BRA08,BRA08,betula_pendula/40669_ID1242_367-BRA08-A004-G10_S1_L001_R1_001.fastq.gz,betula_pendula/40669_ID1242_367-BRA08-A004-G10_S1_L001_R2_001.fastq.gz,Sweden,Brattby,63.91,19.97,170
31,Sweden-Brattby.BRA09,BRA09,betula_pendula/40639_ID1242_337-BRA09-A004-A07_S1_L001_R1_001.fastq.gz,betula_pendula/40639_ID1242_337-BRA09-A004-A07_S1_L001_R2_001.fastq.gz,Sweden,Brattby,63.91,19.97,170
32,Sweden-Brattby.BRA10,BRA10,betula_pendula/40824_ID1242_126-BRA10-A002-F04_S1_L001_R1_001.fastq.gz,betula_pendula/40824_ID1242_126-BRA10-A002-F04_S1_L001_R2_001.fastq.gz,Sweden,Brattby,63.91,19.97,170
33,Sweden-Brattby.BRA11,BRA11,betula_pendula/40887_ID1242_189-BRA11-A002-E12_S1_L001_R1_001.fastq.gz,betula_pendula/40887_ID1242_189-BRA11-A002-E12_S1_L001_R2_001.fastq.gz,Sweden,Brattby,63.91,19.97,170
34,Sweden-Brattby.BRA12,BRA12,betula_pendula/40607_ID1242_305-BRA12-A004-A03_S1_L001_R1_001.fastq.gz,betula_pendula/40607_ID1242_305-BRA12-A004-A03_S1_L001_R2_001.fastq.gz,Sweden,Brattby,63.91,19.97,170
35,Sweden-Brattby.BRA13,BRA13,betula_pendula/40558_ID1242_256-BRA13-A003-H08_S1_L001_R1_001.fastq.gz,betula_pendula/40558_ID1242_256-BRA13-A003-H08_S1_L001_R2_001.fastq.gz,Sweden,Brattby,63.91,19.97,170
36,Sweden-Brattby.BRA14,BRA14,betula_pendula/40631_ID1242_329-BRA14-A004-A06_S1_L001_R1_001.fastq.gz,betula_pendula/40631_ID1242_329-BRA14-A004-A06_S1_L001_R2_001.fastq.gz,Sweden,Brattby,63.91,19.97,170
37,Sweden-Brattby.BRA15,BRA15,betula_pendula/40834_ID1242_136-BRA15-A002-H05_S1_L001_R1_001.fastq.gz,betula_pendula/40834_ID1242_136-BRA15-A002-H05_S1_L001_R2_001.fastq.gz,Sweden,Brattby,63.91,19.97,170
38,Sweden-Brattby.BRA16,BRA16,betula_pendula/40657_ID1242_355-BRA16-A004-C09_S1_L001_R1_001.fastq.gz,betula_pendula/40657_ID1242_355-BRA16-A004-C09_S1_L001_R2_001.fastq.gz,Sweden,Brattby,63.91,19.97,170
39,Sweden-Brattby.BRA17,BRA17,betula_pendula/40645_ID1242_343-BRA17-A004-G07_S1_L001_R1_001.fastq.gz,betula_pendula/40645_ID1242_343-BRA17-A004-G07_S1_L001_R2_001.fastq.gz,Sweden,Brattby,63.91,19.97,170
40,Sweden-Brattby.BRA18,BRA18,betula_pendula/40521_ID1242_219-BRA18-A003-C04_S1_L001_R1_001.fastq.gz,betula_pendula/40521_ID1242_219-BRA18-A003-C04_S1_L001_R2_001.fastq.gz,Sweden,Brattby,63.91,19.97,170
41,Sweden-Brattby.BRA19,BRA19,betula_pendula/40633_ID1242_331-BRA19-A004-C06_S1_L001_R1_001.fastq.gz,betula_pendula/40633_ID1242_331-BRA19-A004-C06_S1_L001_R2_001.fastq.gz,Sweden,Brattby,63.91,19.97,170
42,Sweden-Brattby.BRA20,BRA20,betula_pendula/40589_ID1242_287-BRA20-A003-G12_S1_L001_R1_001.fastq.gz,betula_pendula/40589_ID1242_287-BRA20-A003-G12_S1_L001_R2_001.fastq.gz,Sweden,Brattby,63.91,19.97,170
43,Sweden-Brattby.BRA22,BRA22,betula_pendula/40579_ID1242_277-BRA22-A003-E11_S1_L001_R1_001.fastq.gz,betula_pendula/40579_ID1242_277-BRA22-A003-E11_S1_L001_R2_001.fastq.gz,Sweden,Brattby,63.91,19.97,170
44,Sweden-Brattby.BRA23,BRA23,betula_pendula/40635_ID1242_333-BRA23-A004-E06_S1_L001_R1_001.fastq.gz,betula_pendula/40635_ID1242_333-BRA23-A004-E06_S1_L001_R2_001.fastq.gz,Sweden,Brattby,63.91,19.97,170
45,Sweden-Brattby.BRA24,BRA24,betula_pendula/40545_ID1242_243-BRA24-A003-C07_S1_L001_R1_001.fastq.gz,betula_pendula/40545_ID1242_243-BRA24-A003-C07_S1_L001_R2_001.fastq.gz,Sweden,Brattby,63.91,19.97,170
46,Sweden-Brattby.BRA25,BRA25,betula_pendula/40531_ID1242_229-BRA25-A003-E05_S1_L001_R1_001.fastq.gz,betula_pendula/40531_ID1242_229-BRA25-A003-E05_S1_L001_R2_001.fastq.gz,Sweden,Brattby,63.91,19.97,170
47,Sweden-Brattby.BRA26,BRA26,betula_pendula/40815_ID1242_117-BRA26-A002-E03_S1_L001_R1_001.fastq.gz,betula_pendula/40815_ID1242_117-BRA26-A002-E03_S1_L001_R2_001.fastq.gz,Sweden,Brattby,63.91,19.97,170
48,Sweden-Brattby.BRA27,BRA27,betula_pendula/40660_ID1242_358-BRA27-A004-F09_S1_L001_R1_001.fastq.gz,betula_pendula/40660_ID1242_358-BRA27-A004-F09_S1_L001_R2_001.fastq.gz,Sweden,Brattby,63.91,19.97,170
49,Sweden-Brattby.BRA30,BRA30,betula_pendula/40595_ID1242_293-BRA30-A004-E01_S1_L001_R1_001.fastq.gz,betula_pendula/40595_ID1242_293-BRA30-A004-E01_S1_L001_R2_001.fastq.gz,Sweden,Brattby,63.91,19.97,170
50,Sweden-Burea.BUR01,BUR01,betula_pendula/40856_ID1242_158-BUR01-A002-F08_S1_L001_R1_001.fastq.gz,betula_pendula/40856_ID1242_158-BUR01-A002-F08_S1_L001_R2_001.fastq.gz,Sweden,Burea,64.53,21.07,80
51,Sweden-Burea.BUR02,BUR02,betula_pendula/40926_ID1242_420-BUR02-A005-D05_S1_L001_R1_001.fastq.gz,betula_pendula/40926_ID1242_420-BUR02-A005-D05_S1_L001_R2_001.fastq.gz,Sweden,Burea,64.53,21.07,80
52,Sweden-Burea.BUR03,BUR03,betula_pendula/40619_ID1242_317-BUR03-A004-E04_S1_L001_R1_001.fastq.gz,betula_pendula/40619_ID1242_317-BUR03-A004-E04_S1_L001_R2_001.fastq.gz,Sweden,Burea,64.53,21.07,80
53,Sweden-Burea.BUR04,BUR04,betula_pendula/40539_ID1242_237-BUR04-A003-E06_S1_L001_R1_001.fastq.gz,betula_pendula/40539_ID1242_237-BUR04-A003-E06_S1_L001_R2_001.fastq.gz,Sweden,Burea,64.53,21.07,80
54,Sweden-Burea.BUR05,BUR05,betula_pendula/40578_ID1242_276-BUR05-A003-D11_S1_L001_R1_001.fastq.gz,betula_pendula/40578_ID1242_276-BUR05-A003-D11_S1_L001_R2_001.fastq.gz,Sweden,Burea,64.53,21.07,80
55,Sweden-Burea.BUR06,BUR06,betula_pendula/40501_ID1242_199-BUR06-A003-G01_S1_L001_R1_001.fastq.gz,betula_pendula/40501_ID1242_199-BUR06-A003-G01_S1_L001_R2_001.fastq.gz,Sweden,Burea,64.53,21.07,80
56,Sweden-Burea.BUR07,BUR07,betula_pendula/40536_ID1242_234-BUR07-A003-B06_S1_L001_R1_001.fastq.gz,betula_pendula/40536_ID1242_234-BUR07-A003-B06_S1_L001_R2_001.fastq.gz,Sweden,Burea,64.53,21.07,80
57,Sweden-Burea.BUR08,BUR08,betula_pendula/40798_ID1242_100-BUR08-A002-D01_S1_L001_R1_001.fastq.gz,betula_pendula/40798_ID1242_100-BUR08-A002-D01_S1_L001_R2_001.fastq.gz,Sweden,Burea,64.53,21.07,80
58,Sweden-Burea.BUR10,BUR10,betula_pendula/40614_ID1242_312-BUR10-A004-H03_S1_L001_R1_001.fastq.gz,betula_pendula/40614_ID1242_312-BUR10-A004-H03_S1_L001_R2_001.fastq.gz,Sweden,Burea,64.53,21.07,80
59,Sweden-Burea.BUR11,BUR11,betula_pendula/40872_ID1242_174-BUR11-A002-F10_S1_L001_R1_001.fastq.gz,betula_pendula/40872_ID1242_174-BUR11-A002-F10_S1_L001_R2_001.fastq.gz,Sweden,Burea,64.53,21.07,80
60,Sweden-Burea.BUR12,BUR12,betula_pendula/40526_ID1242_224-BUR12-A003-H04_S1_L001_R1_001.fastq.gz,betula_pendula/40526_ID1242_224-BUR12-A003-H04_S1_L001_R2_001.fastq.gz,Sweden,Burea,64.53,21.07,80
61,Sweden-Burea.BUR13,BUR13,betula_pendula/40568_ID1242_266-BUR13-A003-B10_S1_L001_R1_001.fastq.gz,betula_pendula/40568_ID1242_266-BUR13-A003-B10_S1_L001_R2_001.fastq.gz,Sweden,Burea,64.53,21.07,80
62,Sweden-Burea.BUR14,BUR14,betula_pendula/40763_ID1242_65-BUR14-A001-A09_S1_L001_R1_001.fastq.gz,betula_pendula/40763_ID1242_65-BUR14-A001-A09_S1_L001_R2_001.fastq.gz,Sweden,Burea,64.53,21.07,80
63,Sweden-Burea.BUR15,BUR15,betula_pendula/40533_ID1242_231-BUR15-A003-G05_S1_L001_R1_001.fastq.gz,betula_pendula/40533_ID1242_231-BUR15-A003-G05_S1_L001_R2_001.fastq.gz,Sweden,Burea,64.53,21.07,80
64,Sweden-Burea.BUR16,BUR16,betula_pendula/40665_ID1242_363-BUR16-A004-C10_S1_L001_R1_001.fastq.gz,betula_pendula/40665_ID1242_363-BUR16-A004-C10_S1_L001_R2_001.fastq.gz,Sweden,Burea,64.53,21.07,80
65,Sweden-Burea.BUR17,BUR17,betula_pendula/40755_ID1242_57-BUR17-A001-A08_S1_L001_R1_001.fastq.gz,betula_pendula/40755_ID1242_57-BUR17-A001-A08_S1_L001_R2_001.fastq.gz,Sweden,Burea,64.53,21.07,80
66,Sweden-Burea.BUR18,BUR18,betula_pendula/40573_ID1242_271-BUR18-A003-G10_S1_L001_R1_001.fastq.gz,betula_pendula/40573_ID1242_271-BUR18-A003-G10_S1_L001_R2_001.fastq.gz,Sweden,Burea,64.53,21.07,80
67,Sweden-Burea.BUR19,BUR19,betula_pendula/40775_ID1242_77-BUR19-A001-E10_S1_L001_R1_001.fastq.gz,betula_pendula/40775_ID1242_77-BUR19-A001-E10_S1_L001_R2_001.fastq.gz,Sweden,Burea,64.53,21.07,80
68,Sweden-Burea.BUR20,BUR20,betula_pendula/40576_ID1242_274-BUR20-A003-B11_S1_L001_R1_001.fastq.gz,betula_pendula/40576_ID1242_274-BUR20-A003-B11_S1_L001_R2_001.fastq.gz,Sweden,Burea,64.53,21.07,80
69,Sweden-Burea.BUR21,BUR21,betula_pendula/40572_ID1242_270-BUR21-A003-F10_S1_L001_R1_001.fastq.gz,betula_pendula/40572_ID1242_270-BUR21-A003-F10_S1_L001_R2_001.fastq.gz,Sweden,Burea,64.53,21.07,80
70,Sweden-Burea.BUR22,BUR22,betula_pendula/40792_ID1242_94-BUR22-A001-F12_S1_L001_R1_001.fastq.gz,betula_pendula/40792_ID1242_94-BUR22-A001-F12_S1_L001_R2_001.fastq.gz,Sweden,Burea,64.53,21.07,80
71,Sweden-Burea.BUR23,BUR23,betula_pendula/40741_ID1242_43-BUR23-A001-C06_S1_L001_R1_001.fastq.gz,betula_pendula/40741_ID1242_43-BUR23-A001-C06_S1_L001_R2_001.fastq.gz,Sweden,Burea,64.53,21.07,80
72,Sweden-Burea.BUR24,BUR24,betula_pendula/40806_ID1242_108-BUR24-A002-D02_S1_L001_R1_001.fastq.gz,betula_pendula/40806_ID1242_108-BUR24-A002-D02_S1_L001_R2_001.fastq.gz,Sweden,Burea,64.53,21.07,80
73,Sweden-Burea.BUR25a,BUR25a,betula_pendula/40706_ID1242_8-BUR25a-A001-H01_S1_L001_R1_001.fastq.gz,betula_pendula/40706_ID1242_8-BUR25a-A001-H01_S1_L001_R2_001.fastq.gz,Sweden,Burea,64.53,21.07,80
74,Sweden-Burea.BUR25b,BUR25b,betula_pendula/40532_ID1242_230-BUR25b-A003-F05_S1_L001_R1_001.fastq.gz,betula_pendula/40532_ID1242_230-BUR25b-A003-F05_S1_L001_R2_001.fastq.gz,Sweden,Burea,64.53,21.07,80
75,Sweden-Burea.BUR27a,BUR27a,betula_pendula/40551_ID1242_249-BUR27a-A003-A08_S1_L001_R1_001.fastq.gz,betula_pendula/40551_ID1242_249-BUR27a-A003-A08_S1_L001_R2_001.fastq.gz,Sweden,Burea,64.53,21.07,80
76,Sweden-Burea.BUR27b,BUR27b,betula_pendula/40622_ID1242_320-BUR27b-A004-H04_S1_L001_R1_001.fastq.gz,betula_pendula/40622_ID1242_320-BUR27b-A004-H04_S1_L001_R2_001.fastq.gz,Sweden,Burea,64.53,21.07,80
77,Sweden-Djurrod.DJU01,DJU01,betula_pendula/40770_ID1242_72-DJU01-A001-H09_S1_L001_R1_001.fastq.gz,betula_pendula/40770_ID1242_72-DJU01-A001-H09_S1_L001_R2_001.fastq.gz,Sweden,Djurrod,56.02,13.88,110
78,Sweden-Djurrod.DJU02,DJU02,betula_pendula/40611_ID1242_309-DJU02-A004-E03_S1_L001_R1_001.fastq.gz,betula_pendula/40611_ID1242_309-DJU02-A004-E03_S1_L001_R2_001.fastq.gz,Sweden,Djurrod,56.02,13.88,110
79,Sweden-Djurrod.DJU04,DJU04,betula_pendula/40828_ID1242_130-DJU04-A002-B05_S1_L001_R1_001.fastq.gz,betula_pendula/40828_ID1242_130-DJU04-A002-B05_S1_L001_R2_001.fastq.gz,Sweden,Djurrod,56.02,13.88,110
80,Sweden-Djurrod.DJU06,DJU06,betula_pendula/40608_ID1242_306-DJU06-A004-B03_S1_L001_R1_001.fastq.gz,betula_pendula/40608_ID1242_306-DJU06-A004-B03_S1_L001_R2_001.fastq.gz,Sweden,Djurrod,56.02,13.88,110
81,Sweden-Djurrod.DJU07,DJU07,betula_pendula/40929_ID1242_423-DJU07-A005-G05_S1_L001_R1_001.fastq.gz,betula_pendula/40929_ID1242_423-DJU07-A005-G05_S1_L001_R2_001.fastq.gz,Sweden,Djurrod,56.02,13.88,110
82,Sweden-Djurrod.DJU09,DJU09,betula_pendula/40564_ID1242_262-DJU09-A003-F09_S1_L001_R1_001.fastq.gz,betula_pendula/40564_ID1242_262-DJU09-A003-F09_S1_L001_R2_001.fastq.gz,Sweden,Djurrod,56.02,13.88,110
83,Sweden-Djurrod.DJU10,DJU10,betula_pendula/40605_ID1242_303-DJU10-A004-G02_S1_L001_R1_001.fastq.gz,betula_pendula/40605_ID1242_303-DJU10-A004-G02_S1_L001_R2_001.fastq.gz,Sweden,Djurrod,56.02,13.88,110
84,Sweden-Djurrod.DJU11,DJU11,betula_pendula/40643_ID1242_341-DJU11-A004-E07_S1_L001_R1_001.fastq.gz,betula_pendula/40643_ID1242_341-DJU11-A004-E07_S1_L001_R2_001.fastq.gz,Sweden,Djurrod,56.02,13.88,110
85,Sweden-Djurrod.DJU12,DJU12,betula_pendula/40793_ID1242_95-DJU12-A001-G12_S1_L001_R1_001.fastq.gz,betula_pendula/40793_ID1242_95-DJU12-A001-G12_S1_L001_R2_001.fastq.gz,Sweden,Djurrod,56.02,13.88,110
86,Sweden-Djurrod.DJU13,DJU13,betula_pendula/40847_ID1242_149-DJU13-A002-E07_S1_L001_R1_001.fastq.gz,betula_pendula/40847_ID1242_149-DJU13-A002-E07_S1_L001_R2_001.fastq.gz,Sweden,Djurrod,56.02,13.88,110
87,Sweden-Djurrod.DJU53,DJU53,betula_pendula/40861_ID1242_163-DJU53-A002-C09_S1_L001_R1_001.fastq.gz,betula_pendula/40861_ID1242_163-DJU53-A002-C09_S1_L001_R2_001.fastq.gz,Sweden,Djurrod,56.02,13.88,110
88,Sweden-Djurrod.DJU57,DJU57,betula_pendula/40546_ID1242_244-DJU57-A003-D07_S1_L001_R1_001.fastq.gz,betula_pendula/40546_ID1242_244-DJU57-A003-D07_S1_L001_R2_001.fastq.gz,Sweden,Djurrod,56.02,13.88,110
89,Sweden-Djurrod.DJU59,DJU59,betula_pendula/40627_ID1242_325-DJU59-A004-E05_S1_L001_R1_001.fastq.gz,betula_pendula/40627_ID1242_325-DJU59-A004-E05_S1_L001_R2_001.fastq.gz,Sweden,Djurrod,56.02,13.88,110
90,Sweden-Djurrod.DJU60,DJU60,betula_pendula/40585_ID1242_283-DJU60-A003-C12_S1_L001_R1_001.fastq.gz,betula_pendula/40585_ID1242_283-DJU60-A003-C12_S1_L001_R2_001.fastq.gz,Sweden,Djurrod,56.02,13.88,110
91,Sweden-Djurrod.DJU63,DJU63,betula_pendula/40829_ID1242_131-DJU63-A002-C05_S1_L001_R1_001.fastq.gz,betula_pendula/40829_ID1242_131-DJU63-A002-C05_S1_L001_R2_001.fastq.gz,Sweden,Djurrod,56.02,13.88,110
92,Sweden-Djurrod.DJU69,DJU69,betula_pendula/40928_ID1242_422-DJU69-A005-F05_S1_L001_R1_001.fastq.gz,betula_pendula/40928_ID1242_422-DJU69-A005-F05_S1_L001_R2_001.fastq.gz,Sweden,Djurrod,56.02,13.88,110
93,Sweden-Djurrod.DJU70,DJU70,betula_pendula/40507_ID1242_205-DJU70-A003-E02_S1_L001_R1_001.fastq.gz,betula_pendula/40507_ID1242_205-DJU70-A003-E02_S1_L001_R2_001.fastq.gz,Sweden,Djurrod,56.02,13.88,110
94,Sweden-Djurrod.DJU73,DJU73,betula_pendula/40555_ID1242_253-DJU73-A003-E08_S1_L001_R1_001.fastq.gz,betula_pendula/40555_ID1242_253-DJU73-A003-E08_S1_L001_R2_001.fastq.gz,Sweden,Djurrod,56.02,13.88,110
95,Sweden-Djurrod.DJU74,DJU74,betula_pendula/40788_ID1242_90-DJU74-A001-B12_S1_L001_R1_001.fastq.gz,betula_pendula/40788_ID1242_90-DJU74-A001-B12_S1_L001_R2_001.fastq.gz,Sweden,Djurrod,56.02,13.88,110
96,Sweden-Djurrod.DJU78,DJU78,betula_pendula/40906_ID1242_400-DJU78-A005-H02_S1_L001_R1_001.fastq.gz,betula_pendula/40906_ID1242_400-DJU78-A005-H02_S1_L001_R2_001.fastq.gz,Sweden,Djurrod,56.02,13.88,110
97,Sweden-Djurrod.DJU80,DJU80,betula_pendula/40934_ID1242_428-DJU80-A005-D06_S1_L001_R1_001.fastq.gz,betula_pendula/40934_ID1242_428-DJU80-A005-D06_S1_L001_R2_001.fastq.gz,Sweden,Djurrod,56.02,13.88,110
98,Sweden-Djurrod.DJU81,DJU81,betula_pendula/40522_ID1242_220-DJU81-A003-D04_S1_L001_R1_001.fastq.gz,betula_pendula/40522_ID1242_220-DJU81-A003-D04_S1_L001_R2_001.fastq.gz,Sweden,Djurrod,56.02,13.88,110
99,Sweden-Djurrod.DJU82,DJU82,betula_pendula/40556_ID1242_254-DJU82-A003-F08_S1_L001_R1_001.fastq.gz,betula_pendula/40556_ID1242_254-DJU82-A003-F08_S1_L001_R2_001.fastq.gz,Sweden,Djurrod,56.02,13.88,110
100,Sweden-Djurrod.DJU84,DJU84,betula_pendula/40924_ID1242_418-DJU84-A005-B05_S1_L001_R1_001.fastq.gz,betula_pendula/40924_ID1242_418-DJU84-A005-B05_S1_L001_R2_001.fastq.gz,Sweden,Djurrod,56.02,13.88,110
101,Sweden-Djurrod.DJU87,DJU87,betula_pendula/40925_ID1242_419-DJU87-A005-C05_S1_L001_R1_001.fastq.gz,betula_pendula/40925_ID1242_419-DJU87-A005-C05_S1_L001_R2_001.fastq.gz,Sweden,Djurrod,56.02,13.88,110
102,Sweden-Docksta.DOK01,DOK01,betula_pendula/40648_ID1242_346-DOK01-A004-B08_S1_L001_R1_001.fastq.gz,betula_pendula/40648_ID1242_346-DOK01-A004-B08_S1_L001_R2_001.fastq.gz,Sweden,Docksta,63.13,18.4,45
103,Sweden-Docksta.DOK02,DOK02,betula_pendula/40752_ID1242_54-DOK02-A001-F07_S1_L001_R1_001.fastq.gz,betula_pendula/40752_ID1242_54-DOK02-A001-F07_S1_L001_R2_001.fastq.gz,Sweden,Docksta,63.13,18.4,45
104,Sweden-Docksta.DOK03,DOK03,betula_pendula/40743_ID1242_45-DOK03-A001-E06_S1_L001_R1_001.fastq.gz,betula_pendula/40743_ID1242_45-DOK03-A001-E06_S1_L001_R2_001.fastq.gz,Sweden,Docksta,63.13,18.4,45
105,Sweden-Docksta.DOK04,DOK04,betula_pendula/40841_ID1242_143-DOK04-A002-G06_S1_L001_R1_001.fastq.gz,betula_pendula/40841_ID1242_143-DOK04-A002-G06_S1_L001_R2_001.fastq.gz,Sweden,Docksta,63.13,18.4,45
106,Sweden-Docksta.DOK06,DOK06,betula_pendula/40590_ID1242_288-DOK06-A003-H12_S1_L001_R1_001.fastq.gz,betula_pendula/40590_ID1242_288-DOK06-A003-H12_S1_L001_R2_001.fastq.gz,Sweden,Docksta,63.13,18.4,45
107,Sweden-Docksta.DOK07,DOK07,betula_pendula/40720_ID1242_22-DOK07-A001-F03_S1_L001_R1_001.fastq.gz,betula_pendula/40720_ID1242_22-DOK07-A001-F03_S1_L001_R2_001.fastq.gz,Sweden,Docksta,63.13,18.4,45
108,Sweden-Docksta.DOK08,DOK08,betula_pendula/40805_ID1242_107-DOK08-A002-C02_S1_L001_R1_001.fastq.gz,betula_pendula/40805_ID1242_107-DOK08-A002-C02_S1_L001_R2_001.fastq.gz,Sweden,Docksta,63.13,18.4,45
109,Sweden-Docksta.DOK09,DOK09,betula_pendula/40514_ID1242_212-DOK09-A003-D03_S1_L001_R1_001.fastq.gz,betula_pendula/40514_ID1242_212-DOK09-A003-D03_S1_L001_R2_001.fastq.gz,Sweden,Docksta,63.13,18.4,45
110,Sweden-Docksta.DOK11,DOK11,betula_pendula/40674_ID1242_372-DOK11-A004-D11_S1_L001_R1_001.fastq.gz,betula_pendula/40674_ID1242_372-DOK11-A004-D11_S1_L001_R2_001.fastq.gz,Sweden,Docksta,63.13,18.4,45
111,Sweden-Docksta.DOK13,DOK13,betula_pendula/40738_ID1242_40-DOK13-A001-H05_S1_L001_R1_001.fastq.gz,betula_pendula/40738_ID1242_40-DOK13-A001-H05_S1_L001_R2_001.fastq.gz,Sweden,Docksta,63.13,18.4,45
112,Sweden-Docksta.DOK14,DOK14,betula_pendula/40812_ID1242_114-DOK14-A002-B03_S1_L001_R1_001.fastq.gz,betula_pendula/40812_ID1242_114-DOK14-A002-B03_S1_L001_R2_001.fastq.gz,Sweden,Docksta,63.13,18.4,45
113,Sweden-Docksta.DOK15,DOK15,betula_pendula/40537_ID1242_235-DOK15-A003-C06_S1_L001_R1_001.fastq.gz,betula_pendula/40537_ID1242_235-DOK15-A003-C06_S1_L001_R2_001.fastq.gz,Sweden,Docksta,63.13,18.4,45
114,Sweden-Docksta.DOK16,DOK16,betula_pendula/40807_ID1242_109-DOK16-A002-E02_S1_L001_R1_001.fastq.gz,betula_pendula/40807_ID1242_109-DOK16-A002-E02_S1_L001_R2_001.fastq.gz,Sweden,Docksta,63.13,18.4,45
115,Sweden-Docksta.DOK18,DOK18,betula_pendula/40580_ID1242_278-DOK18-A003-F11_S1_L001_R1_001.fastq.gz,betula_pendula/40580_ID1242_278-DOK18-A003-F11_S1_L001_R2_001.fastq.gz,Sweden,Docksta,63.13,18.4,45
116,Sweden-Docksta.DOK19,DOK19,betula_pendula/40509_ID1242_207-DOK19-A003-G02_S1_L001_R1_001.fastq.gz,betula_pendula/40509_ID1242_207-DOK19-A003-G02_S1_L001_R2_001.fastq.gz,Sweden,Docksta,63.13,18.4,45
117,Sweden-Docksta.DOK20,DOK20,betula_pendula/40559_ID1242_257-DOK20-A003-A09_S1_L001_R1_001.fastq.gz,betula_pendula/40559_ID1242_257-DOK20-A003-A09_S1_L001_R2_001.fastq.gz,Sweden,Docksta,63.13,18.4,45
118,Sweden-Docksta.DOK21,DOK21,betula_pendula/40553_ID1242_251-DOK21-A003-C08_S1_L001_R1_001.fastq.gz,betula_pendula/40553_ID1242_251-DOK21-A003-C08_S1_L001_R2_001.fastq.gz,Sweden,Docksta,63.13,18.4,45
119,Sweden-Docksta.DOK22,DOK22,betula_pendula/40616_ID1242_314-DOK22-A004-B04_S1_L001_R1_001.fastq.gz,betula_pendula/40616_ID1242_314-DOK22-A004-B04_S1_L001_R2_001.fastq.gz,Sweden,Docksta,63.13,18.4,45
120,Sweden-Docksta.DOK24,DOK24,betula_pendula/40598_ID1242_296-DOK24-A004-H01_S1_L001_R1_001.fastq.gz,betula_pendula/40598_ID1242_296-DOK24-A004-H01_S1_L001_R2_001.fastq.gz,Sweden,Docksta,63.13,18.4,45
121,Sweden-Docksta.DOK25,DOK25,betula_pendula/40823_ID1242_125-DOK25-A002-E04_S1_L001_R1_001.fastq.gz,betula_pendula/40823_ID1242_125-DOK25-A002-E04_S1_L001_R2_001.fastq.gz,Sweden,Docksta,63.13,18.4,45
122,Sweden-Docksta.DOK26,DOK26,betula_pendula/40503_ID1242_201-DOK26-A003-A02_S1_L001_R1_001.fastq.gz,betula_pendula/40503_ID1242_201-DOK26-A003-A02_S1_L001_R2_001.fastq.gz,Sweden,Docksta,63.13,18.4,45
123,Sweden-Docksta.DOK27,DOK27,betula_pendula/40577_ID1242_275-DOK27-A003-C11_S1_L001_R1_001.fastq.gz,betula_pendula/40577_ID1242_275-DOK27-A003-C11_S1_L001_R2_001.fastq.gz,Sweden,Docksta,63.13,18.4,45
124,Sweden-Docksta.DOK28,DOK28,betula_pendula/40649_ID1242_347-DOK28-A004-C08_S1_L001_R1_001.fastq.gz,betula_pendula/40649_ID1242_347-DOK28-A004-C08_S1_L001_R2_001.fastq.gz,Sweden,Docksta,63.13,18.4,45
125,Sweden-Docksta.DOK29,DOK29,betula_pendula/40753_ID1242_55-DOK29-A001-G07_S1_L001_R1_001.fastq.gz,betula_pendula/40753_ID1242_55-DOK29-A001-G07_S1_L001_R2_001.fastq.gz,Sweden,Docksta,63.13,18.4,45
126,Sweden-Docksta.DOK30,DOK30,betula_pendula/40658_ID1242_356-DOK30-A004-D09_S1_L001_R1_001.fastq.gz,betula_pendula/40658_ID1242_356-DOK30-A004-D09_S1_L001_R2_001.fastq.gz,Sweden,Docksta,63.13,18.4,45
127,Sweden-Gnarp.GNA01,GNA01,betula_pendula/40583_ID1242_281-GNA01-A003-A12_S1_L001_R1_001.fastq.gz,betula_pendula/40583_ID1242_281-GNA01-A003-A12_S1_L001_R2_001.fastq.gz,Sweden,Gnarp,62.16,17.35,80
128,Sweden-Gnarp.GNA02,GNA02,betula_pendula/40584_ID1242_282-GNA02-A003-B12_S1_L001_R1_001.fastq.gz,betula_pendula/40584_ID1242_282-GNA02-A003-B12_S1_L001_R2_001.fastq.gz,Sweden,Gnarp,62.16,17.35,80
129,Sweden-Gnarp.GNA03,GNA03,betula_pendula/40661_ID1242_359-GNA03-A004-G09_S1_L001_R1_001.fastq.gz,betula_pendula/40661_ID1242_359-GNA03-A004-G09_S1_L001_R2_001.fastq.gz,Sweden,Gnarp,62.16,17.35,80
130,Sweden-Gnarp.GNA04,GNA04,betula_pendula/40592_ID1242_290-GNA04-A004-B01_S1_L001_R1_001.fastq.gz,betula_pendula/40592_ID1242_290-GNA04-A004-B01_S1_L001_R2_001.fastq.gz,Sweden,Gnarp,62.16,17.35,80
131,Sweden-Gnarp.GNA05,GNA05,betula_pendula/40889_ID1242_191-GNA05-A002-G12_S1_L001_R1_001.fastq.gz,betula_pendula/40889_ID1242_191-GNA05-A002-G12_S1_L001_R2_001.fastq.gz,Sweden,Gnarp,62.16,17.35,80
132,Sweden-Gnarp.GNA06,GNA06,betula_pendula/40596_ID1242_294-GNA06-A004-F01_S1_L001_R1_001.fastq.gz,betula_pendula/40596_ID1242_294-GNA06-A004-F01_S1_L001_R2_001.fastq.gz,Sweden,Gnarp,62.16,17.35,80
133,Sweden-Gnarp.GNA07,GNA07,betula_pendula/40613_ID1242_311-GNA07-A004-G03_S1_L001_R1_001.fastq.gz,betula_pendula/40613_ID1242_311-GNA07-A004-G03_S1_L001_R2_001.fastq.gz,Sweden,Gnarp,62.16,17.35,80
134,Sweden-Gnarp.GNA08,GNA08,betula_pendula/40626_ID1242_324-GNA08-A004-D05_S1_L001_R1_001.fastq.gz,betula_pendula/40626_ID1242_324-GNA08-A004-D05_S1_L001_R2_001.fastq.gz,Sweden,Gnarp,62.16,17.35,80
135,Sweden-Gnarp.GNA09,GNA09,betula_pendula/40610_ID1242_308-GNA09-A004-D03_S1_L001_R1_001.fastq.gz,betula_pendula/40610_ID1242_308-GNA09-A004-D03_S1_L001_R2_001.fastq.gz,Sweden,Gnarp,62.16,17.35,80
136,Sweden-Gnarp.GNA10,GNA10,betula_pendula/40575_ID1242_273-GNA10-A003-A11_S1_L001_R1_001.fastq.gz,betula_pendula/40575_ID1242_273-GNA10-A003-A11_S1_L001_R2_001.fastq.gz,Sweden,Gnarp,62.16,17.35,80
137,Sweden-Gnarp.GNA11,GNA11,betula_pendula/40609_ID1242_307-GNA11-A004-C03_S1_L001_R1_001.fastq.gz,betula_pendula/40609_ID1242_307-GNA11-A004-C03_S1_L001_R2_001.fastq.gz,Sweden,Gnarp,62.16,17.35,80
138,Sweden-Gnarp.GNA13,GNA13,betula_pendula/40504_ID1242_202-GNA13-A003-B02_S1_L001_R1_001.fastq.gz,betula_pendula/40504_ID1242_202-GNA13-A003-B02_S1_L001_R2_001.fastq.gz,Sweden,Gnarp,62.16,17.35,80
139,Sweden-Gnarp.GNA14,GNA14,betula_pendula/40662_ID1242_360-GNA14-A004-H09_S1_L001_R1_001.fastq.gz,betula_pendula/40662_ID1242_360-GNA14-A004-H09_S1_L001_R2_001.fastq.gz,Sweden,Gnarp,62.16,17.35,80
140,Sweden-Gnarp.GNA15,GNA15,betula_pendula/40544_ID1242_242-GNA15-A003-B07_S1_L001_R1_001.fastq.gz,betula_pendula/40544_ID1242_242-GNA15-A003-B07_S1_L001_R2_001.fastq.gz,Sweden,Gnarp,62.16,17.35,80
141,Sweden-Gnarp.GNA16,GNA16,betula_pendula/40586_ID1242_284-GNA16-A003-D12_S1_L001_R1_001.fastq.gz,betula_pendula/40586_ID1242_284-GNA16-A003-D12_S1_L001_R2_001.fastq.gz,Sweden,Gnarp,62.16,17.35,80
142,Sweden-Gnarp.GNA17,GNA17,betula_pendula/40535_ID1242_233-GNA17-A003-A06_S1_L001_R1_001.fastq.gz,betula_pendula/40535_ID1242_233-GNA17-A003-A06_S1_L001_R2_001.fastq.gz,Sweden,Gnarp,62.16,17.35,80
143,Sweden-Gnarp.GNA19,GNA19,betula_pendula/40513_ID1242_211-GNA19-A003-C03_S1_L001_R1_001.fastq.gz,betula_pendula/40513_ID1242_211-GNA19-A003-C03_S1_L001_R2_001.fastq.gz,Sweden,Gnarp,62.16,17.35,80
144,Sweden-Gnarp.GNA20,GNA20,betula_pendula/40581_ID1242_279-GNA20-A003-G11_S1_L001_R1_001.fastq.gz,betula_pendula/40581_ID1242_279-GNA20-A003-G11_S1_L001_R2_001.fastq.gz,Sweden,Gnarp,62.16,17.35,80
145,Sweden-Gnarp.GNA22,GNA22,betula_pendula/40651_ID1242_349-GNA22-A004-E08_S1_L001_R1_001.fastq.gz,betula_pendula/40651_ID1242_349-GNA22-A004-E08_S1_L001_R2_001.fastq.gz,Sweden,Gnarp,62.16,17.35,80
146,Sweden-Gnarp.GNA24,GNA24,betula_pendula/40632_ID1242_330-GNA24-A004-B06_S1_L001_R1_001.fastq.gz,betula_pendula/40632_ID1242_330-GNA24-A004-B06_S1_L001_R2_001.fastq.gz,Sweden,Gnarp,62.16,17.35,80
147,Sweden-Gnarp.GNA25,GNA25,betula_pendula/40588_ID1242_286-GNA25-A003-F12_S1_L001_R1_001.fastq.gz,betula_pendula/40588_ID1242_286-GNA25-A003-F12_S1_L001_R2_001.fastq.gz,Sweden,Gnarp,62.16,17.35,80
148,Sweden-Gnarp.GNA26,GNA26,betula_pendula/40560_ID1242_258-GNA26-A003-B09_S1_L001_R1_001.fastq.gz,betula_pendula/40560_ID1242_258-GNA26-A003-B09_S1_L001_R2_001.fastq.gz,Sweden,Gnarp,62.16,17.35,80
149,Sweden-Gnarp.GNA27,GNA27,betula_pendula/40654_ID1242_352-GNA27-A004-H08_S1_L001_R1_001.fastq.gz,betula_pendula/40654_ID1242_352-GNA27-A004-H08_S1_L001_R2_001.fastq.gz,Sweden,Gnarp,62.16,17.35,80
150,Sweden-Gnarp.GNA29,GNA29,betula_pendula/40667_ID1242_365-GNA29-A004-E10_S1_L001_R1_001.fastq.gz,betula_pendula/40667_ID1242_365-GNA29-A004-E10_S1_L001_R2_001.fastq.gz,Sweden,Gnarp,62.16,17.35,80
151,Sweden-Gnarp.GNA30,GNA30,betula_pendula/40517_ID1242_215-GNA30-A003-G03_S1_L001_R1_001.fastq.gz,betula_pendula/40517_ID1242_215-GNA30-A003-G03_S1_L001_R2_001.fastq.gz,Sweden,Gnarp,62.16,17.35,80
152,Sweden-Jokkmokk.JOKK01,JOKK01,betula_pendula/40707_ID1242_9-JOKK01-A001-A02_S1_L001_R1_001.fastq.gz,betula_pendula/40707_ID1242_9-JOKK01-A001-A02_S1_L001_R2_001.fastq.gz,Sweden,Jokkmokk,66.31,20.57,260
153,Sweden-Jokkmokk.JOKK02,JOKK02,betula_pendula/40740_ID1242_42-JOKK02-A001-B06_S1_L001_R1_001.fastq.gz,betula_pendula/40740_ID1242_42-JOKK02-A001-B06_S1_L001_R2_001.fastq.gz,Sweden,Jokkmokk,66.31,20.57,260
154,Sweden-Jokkmokk.JOKK04,JOKK04,betula_pendula/40760_ID1242_62-JOKK04-A001-F08_S1_L001_R1_001.fastq.gz,betula_pendula/40760_ID1242_62-JOKK04-A001-F08_S1_L001_R2_001.fastq.gz,Sweden,Jokkmokk,66.31,20.57,260
155,Sweden-Jokkmokk.JOKK05,JOKK05,betula_pendula/40759_ID1242_61-JOKK05-A001-E08_S1_L001_R1_001.fastq.gz,betula_pendula/40759_ID1242_61-JOKK05-A001-E08_S1_L001_R2_001.fastq.gz,Sweden,Jokkmokk,66.31,20.57,260
156,Sweden-Jokkmokk.JOKK06,JOKK06,betula_pendula/40854_ID1242_156-JOKK06-A002-D08_S1_L001_R1_001.fastq.gz,betula_pendula/40854_ID1242_156-JOKK06-A002-D08_S1_L001_R2_001.fastq.gz,Sweden,Jokkmokk,66.31,20.57,260
157,Sweden-Jokkmokk.JOKK07,JOKK07,betula_pendula/40700_ID1242_2-JOKK07-A001-B01_S1_L001_R1_001.fastq.gz,betula_pendula/40700_ID1242_2-JOKK07-A001-B01_S1_L001_R2_001.fastq.gz,Sweden,Jokkmokk,66.31,20.57,260
158,Sweden-Jokkmokk.JOKK08,JOKK08,betula_pendula/40817_ID1242_119-JOKK08-A002-G03_S1_L001_R1_001.fastq.gz,betula_pendula/40817_ID1242_119-JOKK08-A002-G03_S1_L001_R2_001.fastq.gz,Sweden,Jokkmokk,66.31,20.57,260
159,Sweden-Jokkmokk.JOKK09,JOKK09,betula_pendula/40832_ID1242_134-JOKK09-A002-F05_S1_L001_R1_001.fastq.gz,betula_pendula/40832_ID1242_134-JOKK09-A002-F05_S1_L001_R2_001.fastq.gz,Sweden,Jokkmokk,66.31,20.57,260
160,Sweden-Jokkmokk.JOKK11,JOKK11,betula_pendula/40908_ID1242_402-JOKK11-A005-B03_S1_L001_R1_001.fastq.gz,betula_pendula/40908_ID1242_402-JOKK11-A005-B03_S1_L001_R2_001.fastq.gz,Sweden,Jokkmokk,66.31,20.57,260
161,Sweden-Jokkmokk.JOKK13,JOKK13,betula_pendula/40703_ID1242_5-JOKK13-A001-E01_S1_L001_R1_001.fastq.gz,betula_pendula/40703_ID1242_5-JOKK13-A001-E01_S1_L001_R2_001.fastq.gz,Sweden,Jokkmokk,66.31,20.57,260
162,Sweden-Jokkmokk.JOKK14,JOKK14,betula_pendula/40751_ID1242_53-JOKK14-A001-E07_S1_L001_R1_001.fastq.gz,betula_pendula/40751_ID1242_53-JOKK14-A001-E07_S1_L001_R2_001.fastq.gz,Sweden,Jokkmokk,66.31,20.57,260
163,Sweden-Jokkmokk.JOKK15,JOKK15,betula_pendula/40771_ID1242_73-JOKK15-A001-A10_S1_L001_R1_001.fastq.gz,betula_pendula/40771_ID1242_73-JOKK15-A001-A10_S1_L001_R2_001.fastq.gz,Sweden,Jokkmokk,66.31,20.57,260
164,Sweden-Jokkmokk.JOKK16,JOKK16,betula_pendula/40827_ID1242_129-JOKK16-A002-A05_S1_L001_R1_001.fastq.gz,betula_pendula/40827_ID1242_129-JOKK16-A002-A05_S1_L001_R2_001.fastq.gz,Sweden,Jokkmokk,66.31,20.57,260
165,Sweden-Jokkmokk.JOKK17,JOKK17,betula_pendula/40518_ID1242_216-JOKK17-A003-H03_S1_L001_R1_001.fastq.gz,betula_pendula/40518_ID1242_216-JOKK17-A003-H03_S1_L001_R2_001.fastq.gz,Sweden,Jokkmokk,66.31,20.57,260
166,Sweden-Jokkmokk.JOKK18,JOKK18,betula_pendula/40742_ID1242_44-JOKK18-A001-D06_S1_L001_R1_001.fastq.gz,betula_pendula/40742_ID1242_44-JOKK18-A001-D06_S1_L001_R2_001.fastq.gz,Sweden,Jokkmokk,66.31,20.57,260
167,Sweden-Jokkmokk.JOKK19,JOKK19,betula_pendula/40725_ID1242_27-JOKK19-A001-C04_S1_L001_R1_001.fastq.gz,betula_pendula/40725_ID1242_27-JOKK19-A001-C04_S1_L001_R2_001.fastq.gz,Sweden,Jokkmokk,66.31,20.57,260
168,Sweden-Jokkmokk.JOKK20,JOKK20,betula_pendula/40702_ID1242_4-JOKK20-A001-D01_S1_L001_R1_001.fastq.gz,betula_pendula/40702_ID1242_4-JOKK20-A001-D01_S1_L001_R2_001.fastq.gz,Sweden,Jokkmokk,66.31,20.57,260
169,Sweden-Jokkmokk.JOKK21,JOKK21,betula_pendula/40819_ID1242_121-JOKK21-A002-A04_S1_L001_R1_001.fastq.gz,betula_pendula/40819_ID1242_121-JOKK21-A002-A04_S1_L001_R2_001.fastq.gz,Sweden,Jokkmokk,66.31,20.57,260
170,Sweden-Jokkmokk.JOKK23,JOKK23,betula_pendula/40808_ID1242_110-JOKK23-A002-F02_S1_L001_R1_001.fastq.gz,betula_pendula/40808_ID1242_110-JOKK23-A002-F02_S1_L001_R2_001.fastq.gz,Sweden,Jokkmokk,66.31,20.57,260
171,Sweden-Jokkmokk.JOKK24,JOKK24,betula_pendula/40704_ID1242_6-JOKK24-A001-F01_S1_L001_R1_001.fastq.gz,betula_pendula/40704_ID1242_6-JOKK24-A001-F01_S1_L001_R2_001.fastq.gz,Sweden,Jokkmokk,66.31,20.57,260
172,Sweden-Jokkmokk.JOKK25,JOKK25,betula_pendula/40833_ID1242_135-JOKK25-A002-G05_S1_L001_R1_001.fastq.gz,betula_pendula/40833_ID1242_135-JOKK25-A002-G05_S1_L001_R2_001.fastq.gz,Sweden,Jokkmokk,66.31,20.57,260
173,Sweden-Jokkmokk.JOKK27,JOKK27,betula_pendula/40552_ID1242_250-JOKK27-A003-B08_S1_L001_R1_001.fastq.gz,betula_pendula/40552_ID1242_250-JOKK27-A003-B08_S1_L001_R2_001.fastq.gz,Sweden,Jokkmokk,66.31,20.57,260
174,Sweden-Jokkmokk.JOKK28,JOKK28,betula_pendula/40495_ID1242_193-JOKK28-A003-A01_S1_L001_R1_001.fastq.gz,betula_pendula/40495_ID1242_193-JOKK28-A003-A01_S1_L001_R2_001.fastq.gz,Sweden,Jokkmokk,66.31,20.57,260
175,Sweden-Jokkmokk.JOKK30,JOKK30,betula_pendula/40783_ID1242_85-JOKK30-A001-E11_S1_L001_R1_001.fastq.gz,betula_pendula/40783_ID1242_85-JOKK30-A001-E11_S1_L001_R2_001.fastq.gz,Sweden,Jokkmokk,66.31,20.57,260
176,Sweden-Jokkmokk.JOKK31,JOKK31,betula_pendula/40711_ID1242_13-JOKK31-A001-E02_S1_L001_R1_001.fastq.gz,betula_pendula/40711_ID1242_13-JOKK31-A001-E02_S1_L001_R2_001.fastq.gz,Sweden,Jokkmokk,66.31,20.57,260
177,Norway-Kautokeino.KAU01,KAU01,betula_pendula/40750_ID1242_52-KAU01-A001-D07_S1_L001_R1_001.fastq.gz,betula_pendula/40750_ID1242_52-KAU01-A001-D07_S1_L001_R2_001.fastq.gz,Norway,Kautokeino,69.11,23.25,321
178,Norway-Kautokeino.KAU02,KAU02,betula_pendula/40890_ID1242_192-KAU02-A002-H12_S1_L001_R1_001.fastq.gz,betula_pendula/40890_ID1242_192-KAU02-A002-H12_S1_L001_R2_001.fastq.gz,Norway,Kautokeino,69.11,23.25,321
179,Norway-Kautokeino.KAU03,KAU03,betula_pendula/40701_ID1242_3-KAU03-A001-C01_S1_L001_R1_001.fastq.gz,betula_pendula/40701_ID1242_3-KAU03-A001-C01_S1_L001_R2_001.fastq.gz,Norway,Kautokeino,69.11,23.25,321
180,Norway-Kautokeino.KAU05,KAU05,betula_pendula/40748_ID1242_50-KAU05-A001-B07_S1_L001_R1_001.fastq.gz,betula_pendula/40748_ID1242_50-KAU05-A001-B07_S1_L001_R2_001.fastq.gz,Norway,Kautokeino,69.11,23.25,321
181,Norway-Kautokeino.KAU06,KAU06,betula_pendula/40709_ID1242_11-KAU06-A001-C02_S1_L001_R1_001.fastq.gz,betula_pendula/40709_ID1242_11-KAU06-A001-C02_S1_L001_R2_001.fastq.gz,Norway,Kautokeino,69.11,23.25,321
182,Norway-Kautokeino.KAU07,KAU07,betula_pendula/40705_ID1242_7-KAU07-A001-G01_S1_L001_R1_001.fastq.gz,betula_pendula/40705_ID1242_7-KAU07-A001-G01_S1_L001_R2_001.fastq.gz,Norway,Kautokeino,69.11,23.25,321
183,Norway-Kautokeino.KAU08,KAU08,betula_pendula/40772_ID1242_74-KAU08-A001-B10_S1_L001_R1_001.fastq.gz,betula_pendula/40772_ID1242_74-KAU08-A001-B10_S1_L001_R2_001.fastq.gz,Norway,Kautokeino,69.11,23.25,321
184,Norway-Kautokeino.KAU09,KAU09,betula_pendula/40851_ID1242_153-KAU09-A002-A08_S1_L001_R1_001.fastq.gz,betula_pendula/40851_ID1242_153-KAU09-A002-A08_S1_L001_R2_001.fastq.gz,Norway,Kautokeino,69.11,23.25,321
185,Norway-Kautokeino.KAU10,KAU10,betula_pendula/40791_ID1242_93-KAU10-A001-E12_S1_L001_R1_001.fastq.gz,betula_pendula/40791_ID1242_93-KAU10-A001-E12_S1_L001_R2_001.fastq.gz,Norway,Kautokeino,69.11,23.25,321
186,Norway-Kautokeino.KAU15,KAU15,betula_pendula/40786_ID1242_88-KAU15-A001-H11_S1_L001_R1_001.fastq.gz,betula_pendula/40786_ID1242_88-KAU15-A001-H11_S1_L001_R2_001.fastq.gz,Norway,Kautokeino,69.11,23.25,321
187,Norway-Kautokeino.KAU16,KAU16,betula_pendula/40712_ID1242_14-KAU16-A001-F02_S1_L001_R1_001.fastq.gz,betula_pendula/40712_ID1242_14-KAU16-A001-F02_S1_L001_R2_001.fastq.gz,Norway,Kautokeino,69.11,23.25,321
188,Norway-Kautokeino.KAU19,KAU19,betula_pendula/40795_ID1242_97-KAU19-A002-A01_S1_L001_R1_001.fastq.gz,betula_pendula/40795_ID1242_97-KAU19-A002-A01_S1_L001_R2_001.fastq.gz,Norway,Kautokeino,69.11,23.25,321
189,Norway-Kautokeino.KAU20,KAU20,betula_pendula/40713_ID1242_15-KAU20-A001-G02_S1_L001_R1_001.fastq.gz,betula_pendula/40713_ID1242_15-KAU20-A001-G02_S1_L001_R2_001.fastq.gz,Norway,Kautokeino,69.11,23.25,321
190,Norway-Kautokeino.KAU22,KAU22,betula_pendula/40799_ID1242_101-KAU22-A002-E01_S1_L001_R1_001.fastq.gz,betula_pendula/40799_ID1242_101-KAU22-A002-E01_S1_L001_R2_001.fastq.gz,Norway,Kautokeino,69.11,23.25,321
191,Norway-Kautokeino.KAU23,KAU23,betula_pendula/40717_ID1242_19-KAU23-A001-C03_S1_L001_R1_001.fastq.gz,betula_pendula/40717_ID1242_19-KAU23-A001-C03_S1_L001_R2_001.fastq.gz,Norway,Kautokeino,69.11,23.25,321
192,Norway-Kautokeino.KAU24,KAU24,betula_pendula/40746_ID1242_48-KAU24-A001-H06_S1_L001_R1_001.fastq.gz,betula_pendula/40746_ID1242_48-KAU24-A001-H06_S1_L001_R2_001.fastq.gz,Norway,Kautokeino,69.11,23.25,321
193,Norway-Kautokeino.KAU25,KAU25,betula_pendula/40785_ID1242_87-KAU25-A001-G11_S1_L001_R1_001.fastq.gz,betula_pendula/40785_ID1242_87-KAU25-A001-G11_S1_L001_R2_001.fastq.gz,Norway,Kautokeino,69.11,23.25,321
194,Norway-Kautokeino.KAU26,KAU26,betula_pendula/40774_ID1242_76-KAU26-A001-D10_S1_L001_R1_001.fastq.gz,betula_pendula/40774_ID1242_76-KAU26-A001-D10_S1_L001_R2_001.fastq.gz,Norway,Kautokeino,69.11,23.25,321
195,Norway-Kautokeino.KAU27,KAU27,betula_pendula/40873_ID1242_175-KAU27-A002-G10_S1_L001_R1_001.fastq.gz,betula_pendula/40873_ID1242_175-KAU27-A002-G10_S1_L001_R2_001.fastq.gz,Norway,Kautokeino,69.11,23.25,321
196,Norway-Kautokeino.KAU28,KAU28,betula_pendula/40735_ID1242_37-KAU28-A001-E05_S1_L001_R1_001.fastq.gz,betula_pendula/40735_ID1242_37-KAU28-A001-E05_S1_L001_R2_001.fastq.gz,Norway,Kautokeino,69.11,23.25,321
197,Norway-Kautokeino.KAU29,KAU29,betula_pendula/40885_ID1242_187-KAU29-A002-C12_S1_L001_R1_001.fastq.gz,betula_pendula/40885_ID1242_187-KAU29-A002-C12_S1_L001_R2_001.fastq.gz,Norway,Kautokeino,69.11,23.25,321
198,Norway-Kautokeino.KAU30,KAU30,betula_pendula/40794_ID1242_96-KAU30-A001-H12_S1_L001_R1_001.fastq.gz,betula_pendula/40794_ID1242_96-KAU30-A001-H12_S1_L001_R2_001.fastq.gz,Norway,Kautokeino,69.11,23.25,321
199,Norway-Kautokeino.KAU31,KAU31,betula_pendula/40761_ID1242_63-KAU31-A001-G08_S1_L001_R1_001.fastq.gz,betula_pendula/40761_ID1242_63-KAU31-A001-G08_S1_L001_R2_001.fastq.gz,Norway,Kautokeino,69.11,23.25,321
200,Norway-Kautokeino.KAU32,KAU32,betula_pendula/40859_ID1242_161-KAU32-A002-A09_S1_L001_R1_001.fastq.gz,betula_pendula/40859_ID1242_161-KAU32-A002-A09_S1_L001_R2_001.fastq.gz,Norway,Kautokeino,69.11,23.25,321
201,Norway-Kautokeino.KAU33,KAU33,betula_pendula/40766_ID1242_68-KAU33-A001-D09_S1_L001_R1_001.fastq.gz,betula_pendula/40766_ID1242_68-KAU33-A001-D09_S1_L001_R2_001.fastq.gz,Norway,Kautokeino,69.11,23.25,321
202,Sweden-Lingbo.LIN01,LIN01,betula_pendula/40671_ID1242_369-LIN01-A004-A11_S1_L001_R1_001.fastq.gz,betula_pendula/40671_ID1242_369-LIN01-A004-A11_S1_L001_R2_001.fastq.gz,Sweden,Lingbo,61.03,16.65,90
203,Sweden-Lingbo.LIN02,LIN02,betula_pendula/40680_ID1242_378-LIN02-A004-B12_S1_L001_R1_001.fastq.gz,betula_pendula/40680_ID1242_378-LIN02-A004-B12_S1_L001_R2_001.fastq.gz,Sweden,Lingbo,61.03,16.65,90
204,Sweden-Lingbo.LIN03,LIN03,betula_pendula/40505_ID1242_203-LIN03-A003-C02_S1_L001_R1_001.fastq.gz,betula_pendula/40505_ID1242_203-LIN03-A003-C02_S1_L001_R2_001.fastq.gz,Sweden,Lingbo,61.03,16.65,90
205,Sweden-Lingbo.LIN06,LIN06,betula_pendula/40685_ID1242_383-LIN06-A004-G12_S1_L001_R1_001.fastq.gz,betula_pendula/40685_ID1242_383-LIN06-A004-G12_S1_L001_R2_001.fastq.gz,Sweden,Lingbo,61.03,16.65,90
206,Sweden-Lingbo.LIN07,LIN07,betula_pendula/40620_ID1242_318-LIN07-A004-F04_S1_L001_R1_001.fastq.gz,betula_pendula/40620_ID1242_318-LIN07-A004-F04_S1_L001_R2_001.fastq.gz,Sweden,Lingbo,61.03,16.65,90
207,Sweden-Lingbo.LIN08,LIN08,betula_pendula/40676_ID1242_374-LIN08-A004-F11_S1_L001_R1_001.fastq.gz,betula_pendula/40676_ID1242_374-LIN08-A004-F11_S1_L001_R2_001.fastq.gz,Sweden,Lingbo,61.03,16.65,90
208,Sweden-Lingbo.LIN10,LIN10,betula_pendula/40652_ID1242_350-LIN10-A004-F08_S1_L001_R1_001.fastq.gz,betula_pendula/40652_ID1242_350-LIN10-A004-F08_S1_L001_R2_001.fastq.gz,Sweden,Lingbo,61.03,16.65,90
209,Sweden-Lingbo.LIN13,LIN13,betula_pendula/40600_ID1242_298-LIN13-A004-B02_S1_L001_R1_001.fastq.gz,betula_pendula/40600_ID1242_298-LIN13-A004-B02_S1_L001_R2_001.fastq.gz,Sweden,Lingbo,61.03,16.65,90
210,Sweden-Lingbo.LIN14,LIN14,betula_pendula/40655_ID1242_353-LIN14-A004-A09_S1_L001_R1_001.fastq.gz,betula_pendula/40655_ID1242_353-LIN14-A004-A09_S1_L001_R2_001.fastq.gz,Sweden,Lingbo,61.03,16.65,90
211,Sweden-Lingbo.LIN15,LIN15,betula_pendula/40630_ID1242_328-LIN15-A004-H05_S1_L001_R1_001.fastq.gz,betula_pendula/40630_ID1242_328-LIN15-A004-H05_S1_L001_R2_001.fastq.gz,Sweden,Lingbo,61.03,16.65,90
212,Sweden-Lingbo.LIN16,LIN16,betula_pendula/40641_ID1242_339-LIN16-A004-C07_S1_L001_R1_001.fastq.gz,betula_pendula/40641_ID1242_339-LIN16-A004-C07_S1_L001_R2_001.fastq.gz,Sweden,Lingbo,61.03,16.65,90
213,Sweden-Lingbo.LIN18,LIN18,betula_pendula/40617_ID1242_315-LIN18-A004-C04_S1_L001_R1_001.fastq.gz,betula_pendula/40617_ID1242_315-LIN18-A004-C04_S1_L001_R2_001.fastq.gz,Sweden,Lingbo,61.03,16.65,90
214,Sweden-Lingbo.LIN19,LIN19,betula_pendula/40664_ID1242_362-LIN19-A004-B10_S1_L001_R1_001.fastq.gz,betula_pendula/40664_ID1242_362-LIN19-A004-B10_S1_L001_R2_001.fastq.gz,Sweden,Lingbo,61.03,16.65,90
215,Sweden-Lingbo.LIN21,LIN21,betula_pendula/40499_ID1242_197-LIN21-A003-E01_S1_L001_R1_001.fastq.gz,betula_pendula/40499_ID1242_197-LIN21-A003-E01_S1_L001_R2_001.fastq.gz,Sweden,Lingbo,61.03,16.65,90
216,Sweden-Lingbo.LIN22,LIN22,betula_pendula/40684_ID1242_382-LIN22-A004-F12_S1_L001_R1_001.fastq.gz,betula_pendula/40684_ID1242_382-LIN22-A004-F12_S1_L001_R2_001.fastq.gz,Sweden,Lingbo,61.03,16.65,90
217,Sweden-Lingbo.LIN23,LIN23,betula_pendula/40936_ID1242_430-LIN23-A005-F06_S1_L001_R1_001.fastq.gz,betula_pendula/40936_ID1242_430-LIN23-A005-F06_S1_L001_R2_001.fastq.gz,Sweden,Lingbo,61.03,16.65,90
218,Sweden-Lingbo.LIN24,LIN24,betula_pendula/40896_ID1242_390-LIN24-A005-F01_S1_L001_R1_001.fastq.gz,betula_pendula/40896_ID1242_390-LIN24-A005-F01_S1_L001_R2_001.fastq.gz,Sweden,Lingbo,61.03,16.65,90
219,Sweden-Lingbo.LIN25,LIN25,betula_pendula/40500_ID1242_198-LIN25-A003-F01_S1_L001_R1_001.fastq.gz,betula_pendula/40500_ID1242_198-LIN25-A003-F01_S1_L001_R2_001.fastq.gz,Sweden,Lingbo,61.03,16.65,90
220,Sweden-Lingbo.LIN26,LIN26,betula_pendula/40582_ID1242_280-LIN26-A003-H11_S1_L001_R1_001.fastq.gz,betula_pendula/40582_ID1242_280-LIN26-A003-H11_S1_L001_R2_001.fastq.gz,Sweden,Lingbo,61.03,16.65,90
221,Sweden-Lingbo.LIN27,LIN27,betula_pendula/40549_ID1242_247-LIN27-A003-G07_S1_L001_R1_001.fastq.gz,betula_pendula/40549_ID1242_247-LIN27-A003-G07_S1_L001_R2_001.fastq.gz,Sweden,Lingbo,61.03,16.65,90
222,Sweden-Lingbo.LIN28,LIN28,betula_pendula/40502_ID1242_200-LIN28-A003-H01_S1_L001_R1_001.fastq.gz,betula_pendula/40502_ID1242_200-LIN28-A003-H01_S1_L001_R2_001.fastq.gz,Sweden,Lingbo,61.03,16.65,90
223,Sweden-Lingbo.LIN29,LIN29,betula_pendula/40638_ID1242_336-LIN29-A004-H06_S1_L001_R1_001.fastq.gz,betula_pendula/40638_ID1242_336-LIN29-A004-H06_S1_L001_R2_001.fastq.gz,Sweden,Lingbo,61.03,16.65,90
224,Sweden-Lingbo.LIN32,LIN32,betula_pendula/40601_ID1242_299-LIN32-A004-C02_S1_L001_R1_001.fastq.gz,betula_pendula/40601_ID1242_299-LIN32-A004-C02_S1_L001_R2_001.fastq.gz,Sweden,Lingbo,61.03,16.65,90
225,Sweden-Lingbo.LIN33,LIN33,betula_pendula/40677_ID1242_375-LIN33-A004-G11_S1_L001_R1_001.fastq.gz,betula_pendula/40677_ID1242_375-LIN33-A004-G11_S1_L001_R2_001.fastq.gz,Sweden,Lingbo,61.03,16.65,90
226,Sweden-Lingbo.LIN34,LIN34,betula_pendula/40672_ID1242_370-LIN34-A004-B11_S1_L001_R1_001.fastq.gz,betula_pendula/40672_ID1242_370-LIN34-A004-B11_S1_L001_R2_001.fastq.gz,Sweden,Lingbo,61.03,16.65,90
227,Sweden-Moklinta.MOK01,MOK01,betula_pendula/40528_ID1242_226-MOK01-A003-B05_S1_L001_R1_001.fastq.gz,betula_pendula/40528_ID1242_226-MOK01-A003-B05_S1_L001_R2_001.fastq.gz,Sweden,Moklinta,60.1,16.67,125
228,Sweden-Moklinta.MOK04,MOK04,betula_pendula/40593_ID1242_291-MOK04-A004-C01_S1_L001_R1_001.fastq.gz,betula_pendula/40593_ID1242_291-MOK04-A004-C01_S1_L001_R2_001.fastq.gz,Sweden,Moklinta,60.1,16.67,125
229,Sweden-Moklinta.MOK07,MOK07,betula_pendula/40656_ID1242_354-MOK07-A004-B09_S1_L001_R1_001.fastq.gz,betula_pendula/40656_ID1242_354-MOK07-A004-B09_S1_L001_R2_001.fastq.gz,Sweden,Moklinta,60.1,16.67,125
230,Sweden-Moklinta.MOK10,MOK10,betula_pendula/40673_ID1242_371-MOK10-A004-C11_S1_L001_R1_001.fastq.gz,betula_pendula/40673_ID1242_371-MOK10-A004-C11_S1_L001_R2_001.fastq.gz,Sweden,Moklinta,60.1,16.67,125
231,Sweden-Moklinta.MOK11,MOK11,betula_pendula_resequence/45506_ID1242_388-MOK11-A005-D01_S4_L001_R1_001.fastq.gz,betula_pendula_resequence/45506_ID1242_388-MOK11-A005-D01_S4_L001_R2_001.fastq.gz,Sweden,Moklinta,60.1,16.67,125
232,Sweden-Moklinta.MOK12,MOK12,betula_pendula/40615_ID1242_313-MOK12-A004-A04_S1_L001_R1_001.fastq.gz,betula_pendula/40615_ID1242_313-MOK12-A004-A04_S1_L001_R2_001.fastq.gz,Sweden,Moklinta,60.1,16.67,125
233,Sweden-Moklinta.MOK13,MOK13,betula_pendula/40538_ID1242_236-MOK13-A003-D06_S1_L001_R1_001.fastq.gz,betula_pendula/40538_ID1242_236-MOK13-A003-D06_S1_L001_R2_001.fastq.gz,Sweden,Moklinta,60.1,16.67,125
234,Sweden-Moklinta.MOK23,MOK23,betula_pendula/40562_ID1242_260-MOK23-A003-D09_S1_L001_R1_001.fastq.gz,betula_pendula/40562_ID1242_260-MOK23-A003-D09_S1_L001_R2_001.fastq.gz,Sweden,Moklinta,60.1,16.67,125
235,Sweden-Moklinta.MOK25,MOK25,betula_pendula/40525_ID1242_223-MOK25-A003-G04_S1_L001_R1_001.fastq.gz,betula_pendula/40525_ID1242_223-MOK25-A003-G04_S1_L001_R2_001.fastq.gz,Sweden,Moklinta,60.1,16.67,125
236,Sweden-Moklinta.MOK26,MOK26,betula_pendula/40510_ID1242_208-MOK26-A003-H02_S1_L001_R1_001.fastq.gz,betula_pendula/40510_ID1242_208-MOK26-A003-H02_S1_L001_R2_001.fastq.gz,Sweden,Moklinta,60.1,16.67,125
237,Sweden-Moklinta.MOK28,MOK28,betula_pendula/40818_ID1242_120-MOK28-A002-H03_S1_L001_R1_001.fastq.gz,betula_pendula/40818_ID1242_120-MOK28-A002-H03_S1_L001_R2_001.fastq.gz,Sweden,Moklinta,60.1,16.67,125
238,Sweden-Moklinta.MOK29,MOK29,betula_pendula/40498_ID1242_196-MOK29-A003-D01_S1_L001_R1_001.fastq.gz,betula_pendula/40498_ID1242_196-MOK29-A003-D01_S1_L001_R2_001.fastq.gz,Sweden,Moklinta,60.1,16.67,125
239,Sweden-Moklinta.MOK30,MOK30,betula_pendula/40670_ID1242_368-MOK30-A004-H10_S1_L001_R1_001.fastq.gz,betula_pendula/40670_ID1242_368-MOK30-A004-H10_S1_L001_R2_001.fastq.gz,Sweden,Moklinta,60.1,16.67,125
240,Sweden-Moklinta.MOK31,MOK31,betula_pendula/40527_ID1242_225-MOK31-A003-A05_S1_L001_R1_001.fastq.gz,betula_pendula/40527_ID1242_225-MOK31-A003-A05_S1_L001_R2_001.fastq.gz,Sweden,Moklinta,60.1,16.67,125
241,Sweden-Moklinta.MOK32,MOK32,betula_pendula/40628_ID1242_326-MOK32-A004-F05_S1_L001_R1_001.fastq.gz,betula_pendula/40628_ID1242_326-MOK32-A004-F05_S1_L001_R2_001.fastq.gz,Sweden,Moklinta,60.1,16.67,125
242,Sweden-Moklinta.MOK33,MOK33,betula_pendula/40574_ID1242_272-MOK33-A003-H10_S1_L001_R1_001.fastq.gz,betula_pendula/40574_ID1242_272-MOK33-A003-H10_S1_L001_R2_001.fastq.gz,Sweden,Moklinta,60.1,16.67,125
243,Sweden-Moklinta.MOK35,MOK35,betula_pendula/40796_ID1242_98-MOK35-A002-B01_S1_L001_R1_001.fastq.gz,betula_pendula/40796_ID1242_98-MOK35-A002-B01_S1_L001_R2_001.fastq.gz,Sweden,Moklinta,60.1,16.67,125
244,Sweden-Moklinta.MOK36,MOK36,betula_pendula/40886_ID1242_188-MOK36-A002-D12_S1_L001_R1_001.fastq.gz,betula_pendula/40886_ID1242_188-MOK36-A002-D12_S1_L001_R2_001.fastq.gz,Sweden,Moklinta,60.1,16.67,125
245,Sweden-Moklinta.MOK37,MOK37,betula_pendula/40874_ID1242_176-MOK37-A002-H10_S1_L001_R1_001.fastq.gz,betula_pendula/40874_ID1242_176-MOK37-A002-H10_S1_L001_R2_001.fastq.gz,Sweden,Moklinta,60.1,16.67,125
246,Sweden-Moklinta.MOK38,MOK38,betula_pendula/40726_ID1242_28-MOK38-A001-D04_S1_L001_R1_001.fastq.gz,betula_pendula/40726_ID1242_28-MOK38-A001-D04_S1_L001_R2_001.fastq.gz,Sweden,Moklinta,60.1,16.67,125
247,Sweden-Moklinta.MOK39,MOK39,betula_pendula/40867_ID1242_169-MOK39-A002-A10_S1_L001_R1_001.fastq.gz,betula_pendula/40867_ID1242_169-MOK39-A002-A10_S1_L001_R2_001.fastq.gz,Sweden,Moklinta,60.1,16.67,125
248,Sweden-Moklinta.MOK40,MOK40,betula_pendula/40624_ID1242_322-MOK40-A004-B05_S1_L001_R1_001.fastq.gz,betula_pendula/40624_ID1242_322-MOK40-A004-B05_S1_L001_R2_001.fastq.gz,Sweden,Moklinta,60.1,16.67,125
249,Sweden-Moklinta.MOK41,MOK41,betula_pendula/40548_ID1242_246-MOK41-A003-F07_S1_L001_R1_001.fastq.gz,betula_pendula/40548_ID1242_246-MOK41-A003-F07_S1_L001_R2_001.fastq.gz,Sweden,Moklinta,60.1,16.67,125
250,Sweden-Moklinta.MOK42,MOK42,betula_pendula/40612_ID1242_310-MOK42-A004-F03_S1_L001_R1_001.fastq.gz,betula_pendula/40612_ID1242_310-MOK42-A004-F03_S1_L001_R2_001.fastq.gz,Sweden,Moklinta,60.1,16.67,125
251,Sweden-Moklinta.MOK43,MOK43,betula_pendula/40647_ID1242_345-MOK43-A004-A08_S1_L001_R1_001.fastq.gz,betula_pendula/40647_ID1242_345-MOK43-A004-A08_S1_L001_R2_001.fastq.gz,Sweden,Moklinta,60.1,16.67,125
252,Sweden-NedreSoppero.NED01,NED01,betula_pendula/40825_ID1242_127-NED01-A002-G04_S1_L001_R1_001.fastq.gz,betula_pendula/40825_ID1242_127-NED01-A002-G04_S1_L001_R2_001.fastq.gz,Sweden,Nedre Soppero,68.02,21.79,372
253,Sweden-NedreSoppero.NED02,NED02,betula_pendula/40721_ID1242_23-NED02-A001-G03_S1_L001_R1_001.fastq.gz,betula_pendula/40721_ID1242_23-NED02-A001-G03_S1_L001_R2_001.fastq.gz,Sweden,Nedre Soppero,68.02,21.79,372
254,Sweden-NedreSoppero.NED04,NED04,betula_pendula/40728_ID1242_30-NED04-A001-F04_S1_L001_R1_001.fastq.gz,betula_pendula/40728_ID1242_30-NED04-A001-F04_S1_L001_R2_001.fastq.gz,Sweden,Nedre Soppero,68.02,21.79,372
255,Sweden-NedreSoppero.NED06,NED06,betula_pendula/40550_ID1242_248-NED06-A003-H07_S1_L001_R1_001.fastq.gz,betula_pendula/40550_ID1242_248-NED06-A003-H07_S1_L001_R2_001.fastq.gz,Sweden,Nedre Soppero,68.02,21.79,372
256,Sweden-NedreSoppero.NED07,NED07,betula_pendula/40727_ID1242_29-NED07-A001-E04_S1_L001_R1_001.fastq.gz,betula_pendula/40727_ID1242_29-NED07-A001-E04_S1_L001_R2_001.fastq.gz,Sweden,Nedre Soppero,68.02,21.79,372
257,Sweden-NedreSoppero.NED08,NED08,betula_pendula/40830_ID1242_132-NED08-A002-D05_S1_L001_R1_001.fastq.gz,betula_pendula/40830_ID1242_132-NED08-A002-D05_S1_L001_R2_001.fastq.gz,Sweden,Nedre Soppero,68.02,21.79,372
258,Sweden-NedreSoppero.NED09,NED09,betula_pendula/40722_ID1242_24-NED09-A001-H03_S1_L001_R1_001.fastq.gz,betula_pendula/40722_ID1242_24-NED09-A001-H03_S1_L001_R2_001.fastq.gz,Sweden,Nedre Soppero,68.02,21.79,372
259,Sweden-NedreSoppero.NED11,NED11,betula_pendula/40868_ID1242_170-NED11-A002-B10_S1_L001_R1_001.fastq.gz,betula_pendula/40868_ID1242_170-NED11-A002-B10_S1_L001_R2_001.fastq.gz,Sweden,Nedre Soppero,68.02,21.79,372
260,Sweden-NedreSoppero.NED13,NED13,betula_pendula/40781_ID1242_83-NED13-A001-C11_S1_L001_R1_001.fastq.gz,betula_pendula/40781_ID1242_83-NED13-A001-C11_S1_L001_R2_001.fastq.gz,Sweden,Nedre Soppero,68.02,21.79,372
261,Sweden-NedreSoppero.NED14,NED14,betula_pendula/40839_ID1242_141-NED14-A002-E06_S1_L001_R1_001.fastq.gz,betula_pendula/40839_ID1242_141-NED14-A002-E06_S1_L001_R2_001.fastq.gz,Sweden,Nedre Soppero,68.02,21.79,372
262,Sweden-NedreSoppero.NED15,NED15,betula_pendula/40826_ID1242_128-NED15-A002-H04_S1_L001_R1_001.fastq.gz,betula_pendula/40826_ID1242_128-NED15-A002-H04_S1_L001_R2_001.fastq.gz,Sweden,Nedre Soppero,68.02,21.79,372
263,Sweden-NedreSoppero.NED16,NED16,betula_pendula/40744_ID1242_46-NED16-A001-F06_S1_L001_R1_001.fastq.gz,betula_pendula/40744_ID1242_46-NED16-A001-F06_S1_L001_R2_001.fastq.gz,Sweden,Nedre Soppero,68.02,21.79,372
264,Sweden-NedreSoppero.NED17,NED17,betula_pendula/40739_ID1242_41-NED17-A001-A06_S1_L001_R1_001.fastq.gz,betula_pendula/40739_ID1242_41-NED17-A001-A06_S1_L001_R2_001.fastq.gz,Sweden,Nedre Soppero,68.02,21.79,372
265,Sweden-NedreSoppero.NED18,NED18,betula_pendula/40777_ID1242_79-NED18-A001-G10_S1_L001_R1_001.fastq.gz,betula_pendula/40777_ID1242_79-NED18-A001-G10_S1_L001_R2_001.fastq.gz,Sweden,Nedre Soppero,68.02,21.79,372
266,Sweden-NedreSoppero.NED19,NED19,betula_pendula/40858_ID1242_160-NED19-A002-H08_S1_L001_R1_001.fastq.gz,betula_pendula/40858_ID1242_160-NED19-A002-H08_S1_L001_R2_001.fastq.gz,Sweden,Nedre Soppero,68.02,21.79,372
267,Sweden-NedreSoppero.NED20,NED20,betula_pendula/40708_ID1242_10-NED20-A001-B02_S1_L001_R1_001.fastq.gz,betula_pendula/40708_ID1242_10-NED20-A001-B02_S1_L001_R2_001.fastq.gz,Sweden,Nedre Soppero,68.02,21.79,372
268,Sweden-NedreSoppero.NED21,NED21,betula_pendula/40845_ID1242_147-NED21-A002-C07_S1_L001_R1_001.fastq.gz,betula_pendula/40845_ID1242_147-NED21-A002-C07_S1_L001_R2_001.fastq.gz,Sweden,Nedre Soppero,68.02,21.79,372
269,Sweden-NedreSoppero.NED23,NED23,betula_pendula/40768_ID1242_70-NED23-A001-F09_S1_L001_R1_001.fastq.gz,betula_pendula/40768_ID1242_70-NED23-A001-F09_S1_L001_R2_001.fastq.gz,Sweden,Nedre Soppero,68.02,21.79,372
270,Sweden-NedreSoppero.NED24,NED24,betula_pendula/40852_ID1242_154-NED24-A002-B08_S1_L001_R1_001.fastq.gz,betula_pendula/40852_ID1242_154-NED24-A002-B08_S1_L001_R2_001.fastq.gz,Sweden,Nedre Soppero,68.02,21.79,372
271,Sweden-NedreSoppero.NED25,NED25,betula_pendula/40838_ID1242_140-NED25-A002-D06_S1_L001_R1_001.fastq.gz,betula_pendula/40838_ID1242_140-NED25-A002-D06_S1_L001_R2_001.fastq.gz,Sweden,Nedre Soppero,68.02,21.79,372
272,Sweden-NedreSoppero.NED26,NED26,betula_pendula/40870_ID1242_172-NED26-A002-D10_S1_L001_R1_001.fastq.gz,betula_pendula/40870_ID1242_172-NED26-A002-D10_S1_L001_R2_001.fastq.gz,Sweden,Nedre Soppero,68.02,21.79,372
273,Sweden-NedreSoppero.NED27,NED27,betula_pendula/40758_ID1242_60-NED27-A001-D08_S1_L001_R1_001.fastq.gz,betula_pendula/40758_ID1242_60-NED27-A001-D08_S1_L001_R2_001.fastq.gz,Sweden,Nedre Soppero,68.02,21.79,372
274,Sweden-NedreSoppero.NED28,NED28,betula_pendula/40737_ID1242_39-NED28-A001-G05_S1_L001_R1_001.fastq.gz,betula_pendula/40737_ID1242_39-NED28-A001-G05_S1_L001_R2_001.fastq.gz,Sweden,Nedre Soppero,68.02,21.79,372
275,Sweden-NedreSoppero.NED30,NED30,betula_pendula/40804_ID1242_106-NED30-A002-B02_S1_L001_R1_001.fastq.gz,betula_pendula/40804_ID1242_106-NED30-A002-B02_S1_L001_R2_001.fastq.gz,Sweden,Nedre Soppero,68.02,21.79,372
276,Sweden-NedreSoppero.NED31,NED31,betula_pendula/40850_ID1242_152-NED31-A002-H07_S1_L001_R1_001.fastq.gz,betula_pendula/40850_ID1242_152-NED31-A002-H07_S1_L001_R2_001.fastq.gz,Sweden,Nedre Soppero,68.02,21.79,372
277,Norway-Skadi.NOR01,NOR01,betula_pendula/40853_ID1242_155-NOR01-A002-C08_S1_L001_R1_001.fastq.gz,betula_pendula/40853_ID1242_155-NOR01-A002-C08_S1_L001_R2_001.fastq.gz,Norway,Skadi,70.48,24.86,191
278,Norway-Skadi.NOR02,NOR02,betula_pendula/40718_ID1242_20-NOR02-A001-D03_S1_L001_R1_001.fastq.gz,betula_pendula/40718_ID1242_20-NOR02-A001-D03_S1_L001_R2_001.fastq.gz,Norway,Skadi,70.48,24.86,191
279,Norway-Skadi.NOR04,NOR04,betula_pendula/40731_ID1242_33-NOR04-A001-A05_S1_L001_R1_001.fastq.gz,betula_pendula/40731_ID1242_33-NOR04-A001-A05_S1_L001_R2_001.fastq.gz,Norway,Skadi,70.48,24.86,191
280,Norway-Skadi.NOR06,NOR06,betula_pendula/40837_ID1242_139-NOR06-A002-C06_S1_L001_R1_001.fastq.gz,betula_pendula/40837_ID1242_139-NOR06-A002-C06_S1_L001_R2_001.fastq.gz,Norway,Skadi,70.48,24.86,191
281,Norway-Skadi.NOR07,NOR07,betula_pendula/40801_ID1242_103-NOR07-A002-G01_S1_L001_R1_001.fastq.gz,betula_pendula/40801_ID1242_103-NOR07-A002-G01_S1_L001_R2_001.fastq.gz,Norway,Skadi,70.48,24.86,191
282,Norway-Skadi.NOR08,NOR08,betula_pendula/40822_ID1242_124-NOR08-A002-D04_S1_L001_R1_001.fastq.gz,betula_pendula/40822_ID1242_124-NOR08-A002-D04_S1_L001_R2_001.fastq.gz,Norway,Skadi,70.48,24.86,191
283,Norway-Skadi.NOR09,NOR09,betula_pendula/40765_ID1242_67-NOR09-A001-C09_S1_L001_R1_001.fastq.gz,betula_pendula/40765_ID1242_67-NOR09-A001-C09_S1_L001_R2_001.fastq.gz,Norway,Skadi,70.48,24.86,191
284,Norway-Skadi.NOR11,NOR11,betula_pendula/40840_ID1242_142-NOR11-A002-F06_S1_L001_R1_001.fastq.gz,betula_pendula/40840_ID1242_142-NOR11-A002-F06_S1_L001_R2_001.fastq.gz,Norway,Skadi,70.48,24.86,191
285,Norway-Skadi.NOR12,NOR12,betula_pendula/40836_ID1242_138-NOR12-A002-B06_S1_L001_R1_001.fastq.gz,betula_pendula/40836_ID1242_138-NOR12-A002-B06_S1_L001_R2_001.fastq.gz,Norway,Skadi,70.48,24.86,191
286,Norway-Skadi.NOR13,NOR13,betula_pendula/40855_ID1242_157-NOR13-A002-E08_S1_L001_R1_001.fastq.gz,betula_pendula/40855_ID1242_157-NOR13-A002-E08_S1_L001_R2_001.fastq.gz,Norway,Skadi,70.48,24.86,191
287,Norway-Skadi.NOR14,NOR14,betula_pendula/40831_ID1242_133-NOR14-A002-E05_S1_L001_R1_001.fastq.gz,betula_pendula/40831_ID1242_133-NOR14-A002-E05_S1_L001_R2_001.fastq.gz,Norway,Skadi,70.48,24.86,191
288,Norway-Skadi.NOR15,NOR15,betula_pendula/40769_ID1242_71-NOR15-A001-G09_S1_L001_R1_001.fastq.gz,betula_pendula/40769_ID1242_71-NOR15-A001-G09_S1_L001_R2_001.fastq.gz,Norway,Skadi,70.48,24.86,191
289,Norway-Skadi.NOR16,NOR16,betula_pendula/40710_ID1242_12-NOR16-A001-D02_S1_L001_R1_001.fastq.gz,betula_pendula/40710_ID1242_12-NOR16-A001-D02_S1_L001_R2_001.fastq.gz,Norway,Skadi,70.48,24.86,191
290,Norway-Skadi.NOR17,NOR17,betula_pendula/40734_ID1242_36-NOR17-A001-D05_S1_L001_R1_001.fastq.gz,betula_pendula/40734_ID1242_36-NOR17-A001-D05_S1_L001_R2_001.fastq.gz,Norway,Skadi,70.48,24.86,191
291,Norway-Skadi.NOR18,NOR18,betula_pendula/40747_ID1242_49-NOR18-A001-A07_S1_L001_R1_001.fastq.gz,betula_pendula/40747_ID1242_49-NOR18-A001-A07_S1_L001_R2_001.fastq.gz,Norway,Skadi,70.48,24.86,191
292,Norway-Skadi.NOR19,NOR19,betula_pendula/40723_ID1242_25-NOR19-A001-A04_S1_L001_R1_001.fastq.gz,betula_pendula/40723_ID1242_25-NOR19-A001-A04_S1_L001_R2_001.fastq.gz,Norway,Skadi,70.48,24.86,191
293,Norway-Skadi.NOR21,NOR21,betula_pendula/40569_ID1242_267-NOR21-A003-C10_S1_L001_R1_001.fastq.gz,betula_pendula/40569_ID1242_267-NOR21-A003-C10_S1_L001_R2_001.fastq.gz,Norway,Skadi,70.48,24.86,191
294,Norway-Skadi.NOR25,NOR25,betula_pendula/40814_ID1242_116-NOR25-A002-D03_S1_L001_R1_001.fastq.gz,betula_pendula/40814_ID1242_116-NOR25-A002-D03_S1_L001_R2_001.fastq.gz,Norway,Skadi,70.48,24.86,191
295,Norway-Skadi.NOR26,NOR26,betula_pendula/40860_ID1242_162-NOR26-A002-B09_S1_L001_R1_001.fastq.gz,betula_pendula/40860_ID1242_162-NOR26-A002-B09_S1_L001_R2_001.fastq.gz,Norway,Skadi,70.48,24.86,191
296,Norway-Skadi.NOR27,NOR27,betula_pendula/40862_ID1242_164-NOR27-A002-D09_S1_L001_R1_001.fastq.gz,betula_pendula/40862_ID1242_164-NOR27-A002-D09_S1_L001_R2_001.fastq.gz,Norway,Skadi,70.48,24.86,191
297,Norway-Skadi.NOR28,NOR28,betula_pendula/40779_ID1242_81-NOR28-A001-A11_S1_L001_R1_001.fastq.gz,betula_pendula/40779_ID1242_81-NOR28-A001-A11_S1_L001_R2_001.fastq.gz,Norway,Skadi,70.48,24.86,191
298,Norway-Skadi.NOR29,NOR29,betula_pendula/40835_ID1242_137-NOR29-A002-A06_S1_L001_R1_001.fastq.gz,betula_pendula/40835_ID1242_137-NOR29-A002-A06_S1_L001_R2_001.fastq.gz,Norway,Skadi,70.48,24.86,191
299,Norway-Skadi.NOR30,NOR30,betula_pendula/40724_ID1242_26-NOR30-A001-B04_S1_L001_R1_001.fastq.gz,betula_pendula/40724_ID1242_26-NOR30-A001-B04_S1_L001_R2_001.fastq.gz,Norway,Skadi,70.48,24.86,191
300,Norway-Skadi.NOR31,NOR31,betula_pendula/40877_ID1242_179-NOR31-A002-C11_S1_L001_R1_001.fastq.gz,betula_pendula/40877_ID1242_179-NOR31-A002-C11_S1_L001_R2_001.fastq.gz,Norway,Skadi,70.48,24.86,191
301,Norway-Skadi.NOR32,NOR32,betula_pendula/40757_ID1242_59-NOR32-A001-C08_S1_L001_R1_001.fastq.gz,betula_pendula/40757_ID1242_59-NOR32-A001-C08_S1_L001_R2_001.fastq.gz,Norway,Skadi,70.48,24.86,191
302,Sweden-Pitea.PIT01,PIT01,betula_pendula/40716_ID1242_18-PIT01-A001-B03_S1_L001_R1_001.fastq.gz,betula_pendula/40716_ID1242_18-PIT01-A001-B03_S1_L001_R2_001.fastq.gz,Sweden,Pitea,65.5,21.22,20
303,Sweden-Pitea.PIT02,PIT02,betula_pendula/40848_ID1242_150-PIT02-A002-F07_S1_L001_R1_001.fastq.gz,betula_pendula/40848_ID1242_150-PIT02-A002-F07_S1_L001_R2_001.fastq.gz,Sweden,Pitea,65.5,21.22,20
304,Sweden-Pitea.PIT03,PIT03,betula_pendula/40865_ID1242_167-PIT03-A002-G09_S1_L001_R1_001.fastq.gz,betula_pendula/40865_ID1242_167-PIT03-A002-G09_S1_L001_R2_001.fastq.gz,Sweden,Pitea,65.5,21.22,20
305,Sweden-Pitea.PIT04,PIT04,betula_pendula/40756_ID1242_58-PIT04-A001-B08_S1_L001_R1_001.fastq.gz,betula_pendula/40756_ID1242_58-PIT04-A001-B08_S1_L001_R2_001.fastq.gz,Sweden,Pitea,65.5,21.22,20
306,Sweden-Pitea.PIT05,PIT05,betula_pendula/40876_ID1242_178-PIT05-A002-B11_S1_L001_R1_001.fastq.gz,betula_pendula/40876_ID1242_178-PIT05-A002-B11_S1_L001_R2_001.fastq.gz,Sweden,Pitea,65.5,21.22,20
307,Sweden-Pitea.PIT06,PIT06,betula_pendula/40809_ID1242_111-PIT06-A002-G02_S1_L001_R1_001.fastq.gz,betula_pendula/40809_ID1242_111-PIT06-A002-G02_S1_L001_R2_001.fastq.gz,Sweden,Pitea,65.5,21.22,20
308,Sweden-Pitea.PIT07,PIT07,betula_pendula/40699_ID1242_1-PIT07-A001-A01_S1_L001_R1_001.fastq.gz,betula_pendula/40699_ID1242_1-PIT07-A001-A01_S1_L001_R2_001.fastq.gz,Sweden,Pitea,65.5,21.22,20
309,Sweden-Pitea.PIT08,PIT08,betula_pendula/40776_ID1242_78-PIT08-A001-F10_S1_L001_R1_001.fastq.gz,betula_pendula/40776_ID1242_78-PIT08-A001-F10_S1_L001_R2_001.fastq.gz,Sweden,Pitea,65.5,21.22,20
310,Sweden-Pitea.PIT09,PIT09,betula_pendula/40767_ID1242_69-PIT09-A001-E09_S1_L001_R1_001.fastq.gz,betula_pendula/40767_ID1242_69-PIT09-A001-E09_S1_L001_R2_001.fastq.gz,Sweden,Pitea,65.5,21.22,20
311,Sweden-Pitea.PIT10,PIT10,betula_pendula/40547_ID1242_245-PIT10-A003-E07_S1_L001_R1_001.fastq.gz,betula_pendula/40547_ID1242_245-PIT10-A003-E07_S1_L001_R2_001.fastq.gz,Sweden,Pitea,65.5,21.22,20
312,Sweden-Pitea.PIT11,PIT11,betula_pendula/40869_ID1242_171-PIT11-A002-C10_S1_L001_R1_001.fastq.gz,betula_pendula/40869_ID1242_171-PIT11-A002-C10_S1_L001_R2_001.fastq.gz,Sweden,Pitea,65.5,21.22,20
313,Sweden-Pitea.PIT12,PIT12,betula_pendula/40797_ID1242_99-PIT12-A002-C01_S1_L001_R1_001.fastq.gz,betula_pendula/40797_ID1242_99-PIT12-A002-C01_S1_L001_R2_001.fastq.gz,Sweden,Pitea,65.5,21.22,20
314,Sweden-Pitea.PIT13D,PIT13D,betula_pendula/40715_ID1242_17-PIT13D-A001-A03_S1_L001_R1_001.fastq.gz,betula_pendula/40715_ID1242_17-PIT13D-A001-A03_S1_L001_R2_001.fastq.gz,Sweden,Pitea,65.5,21.22,20
315,Sweden-Pitea.PIT14,PIT14,betula_pendula/40714_ID1242_16-PIT14-A001-H02_S1_L001_R1_001.fastq.gz,betula_pendula/40714_ID1242_16-PIT14-A001-H02_S1_L001_R2_001.fastq.gz,Sweden,Pitea,65.5,21.22,20
316,Sweden-Pitea.PIT16,PIT16,betula_pendula/40810_ID1242_112-PIT16-A002-H02_S1_L001_R1_001.fastq.gz,betula_pendula/40810_ID1242_112-PIT16-A002-H02_S1_L001_R2_001.fastq.gz,Sweden,Pitea,65.5,21.22,20
317,Sweden-Pitea.PIT17,PIT17,betula_pendula/40849_ID1242_151-PIT17-A002-G07_S1_L001_R1_001.fastq.gz,betula_pendula/40849_ID1242_151-PIT17-A002-G07_S1_L001_R2_001.fastq.gz,Sweden,Pitea,65.5,21.22,20
318,Sweden-Pitea.PIT18,PIT18,betula_pendula/40879_ID1242_181-PIT18-A002-E11_S1_L001_R1_001.fastq.gz,betula_pendula/40879_ID1242_181-PIT18-A002-E11_S1_L001_R2_001.fastq.gz,Sweden,Pitea,65.5,21.22,20
319,Sweden-Pitea.PIT19,PIT19,betula_pendula/40863_ID1242_165-PIT19-A002-E09_S1_L001_R1_001.fastq.gz,betula_pendula/40863_ID1242_165-PIT19-A002-E09_S1_L001_R2_001.fastq.gz,Sweden,Pitea,65.5,21.22,20
320,Sweden-Pitea.PIT23,PIT23,betula_pendula/40800_ID1242_102-PIT23-A002-F01_S1_L001_R1_001.fastq.gz,betula_pendula/40800_ID1242_102-PIT23-A002-F01_S1_L001_R2_001.fastq.gz,Sweden,Pitea,65.5,21.22,20
321,Sweden-Pitea.PIT24,PIT24,betula_pendula/40749_ID1242_51-PIT24-A001-C07_S1_L001_R1_001.fastq.gz,betula_pendula/40749_ID1242_51-PIT24-A001-C07_S1_L001_R2_001.fastq.gz,Sweden,Pitea,65.5,21.22,20
322,Sweden-Pitea.PIT25,PIT25,betula_pendula/40790_ID1242_92-PIT25-A001-D12_S1_L001_R1_001.fastq.gz,betula_pendula/40790_ID1242_92-PIT25-A001-D12_S1_L001_R2_001.fastq.gz,Sweden,Pitea,65.5,21.22,20
323,Sweden-Pitea.PIT26,PIT26,betula_pendula/40732_ID1242_34-PIT26-A001-B05_S1_L001_R1_001.fastq.gz,betula_pendula/40732_ID1242_34-PIT26-A001-B05_S1_L001_R2_001.fastq.gz,Sweden,Pitea,65.5,21.22,20
324,Sweden-Pitea.PIT28,PIT28,betula_pendula/40878_ID1242_180-PIT28-A002-D11_S1_L001_R1_001.fastq.gz,betula_pendula/40878_ID1242_180-PIT28-A002-D11_S1_L001_R2_001.fastq.gz,Sweden,Pitea,65.5,21.22,20
325,Sweden-Pitea.PIT29,PIT29,betula_pendula/40816_ID1242_118-PIT29-A002-F03_S1_L001_R1_001.fastq.gz,betula_pendula/40816_ID1242_118-PIT29-A002-F03_S1_L001_R2_001.fastq.gz,Sweden,Pitea,65.5,21.22,20
326,Sweden-Pitea.PIT30,PIT30,betula_pendula/40729_ID1242_31-PIT30-A001-G04_S1_L001_R1_001.fastq.gz,betula_pendula/40729_ID1242_31-PIT30-A001-G04_S1_L001_R2_001.fastq.gz,Sweden,Pitea,65.5,21.22,20
327,Sweden-Skatelov.SKA02,SKA02,betula_pendula/40602_ID1242_300-SKA02-A004-D02_S1_L001_R1_001.fastq.gz,betula_pendula/40602_ID1242_300-SKA02-A004-D02_S1_L001_R2_001.fastq.gz,Sweden,Skatelov,56.75,14.55,160
328,Sweden-Skatelov.SKA06,SKA06,betula_pendula/40621_ID1242_319-SKA06-A004-G04_S1_L001_R1_001.fastq.gz,betula_pendula/40621_ID1242_319-SKA06-A004-G04_S1_L001_R2_001.fastq.gz,Sweden,Skatelov,56.75,14.55,160
329,Sweden-Skatelov.SKA08,SKA08,betula_pendula/40523_ID1242_221-SKA08-A003-E04_S1_L001_R1_001.fastq.gz,betula_pendula/40523_ID1242_221-SKA08-A003-E04_S1_L001_R2_001.fastq.gz,Sweden,Skatelov,56.75,14.55,160
330,Sweden-Skatelov.SKA10,SKA10,betula_pendula/40508_ID1242_206-SKA10-A003-F02_S1_L001_R1_001.fastq.gz,betula_pendula/40508_ID1242_206-SKA10-A003-F02_S1_L001_R2_001.fastq.gz,Sweden,Skatelov,56.75,14.55,160
331,Sweden-Skatelov.SKA13,SKA13,betula_pendula/40561_ID1242_259-SKA13-A003-C09_S1_L001_R1_001.fastq.gz,betula_pendula/40561_ID1242_259-SKA13-A003-C09_S1_L001_R2_001.fastq.gz,Sweden,Skatelov,56.75,14.55,160
332,Sweden-Skatelov.SKA19,SKA19,betula_pendula/40557_ID1242_255-SKA19-A003-G08_S1_L001_R1_001.fastq.gz,betula_pendula/40557_ID1242_255-SKA19-A003-G08_S1_L001_R2_001.fastq.gz,Sweden,Skatelov,56.75,14.55,160
333,Sweden-Skatelov.SKA20,SKA20,betula_pendula/40762_ID1242_64-SKA20-A001-H08_S1_L001_R1_001.fastq.gz,betula_pendula/40762_ID1242_64-SKA20-A001-H08_S1_L001_R2_001.fastq.gz,Sweden,Skatelov,56.75,14.55,160
334,Sweden-Skatelov.SKA22,SKA22,betula_pendula/40789_ID1242_91-SKA22-A001-C12_S1_L001_R1_001.fastq.gz,betula_pendula/40789_ID1242_91-SKA22-A001-C12_S1_L001_R2_001.fastq.gz,Sweden,Skatelov,56.75,14.55,160
335,Sweden-Skatelov.SKA23,SKA23,betula_pendula/40599_ID1242_297-SKA23-A004-A02_S1_L001_R1_001.fastq.gz,betula_pendula/40599_ID1242_297-SKA23-A004-A02_S1_L001_R2_001.fastq.gz,Sweden,Skatelov,56.75,14.55,160
336,Sweden-Skatelov.SKA24,SKA24,betula_pendula/40511_ID1242_209-SKA24-A003-A03_S1_L001_R1_001.fastq.gz,betula_pendula/40511_ID1242_209-SKA24-A003-A03_S1_L001_R2_001.fastq.gz,Sweden,Skatelov,56.75,14.55,160
337,Sweden-Skatelov.SKA28,SKA28,betula_pendula/40773_ID1242_75-SKA28-A001-C10_S1_L001_R1_001.fastq.gz,betula_pendula/40773_ID1242_75-SKA28-A001-C10_S1_L001_R2_001.fastq.gz,Sweden,Skatelov,56.75,14.55,160
338,Sweden-Skatelov.SKA30,SKA30,betula_pendula/40813_ID1242_115-SKA30-A002-C03_S1_L001_R1_001.fastq.gz,betula_pendula/40813_ID1242_115-SKA30-A002-C03_S1_L001_R2_001.fastq.gz,Sweden,Skatelov,56.75,14.55,160
339,Sweden-Skatelov.SKA34,SKA34,betula_pendula/40897_ID1242_391-SKA34-A005-G01_S1_L001_R1_001.fastq.gz,betula_pendula/40897_ID1242_391-SKA34-A005-G01_S1_L001_R2_001.fastq.gz,Sweden,Skatelov,56.75,14.55,160
340,Sweden-Skatelov.SKA35,SKA35,betula_pendula/40782_ID1242_84-SKA35-A001-D11_S1_L001_R1_001.fastq.gz,betula_pendula/40782_ID1242_84-SKA35-A001-D11_S1_L001_R2_001.fastq.gz,Sweden,Skatelov,56.75,14.55,160
341,Sweden-Skatelov.SKA39,SKA39,betula_pendula/40512_ID1242_210-SKA39-A003-B03_S1_L001_R1_001.fastq.gz,betula_pendula/40512_ID1242_210-SKA39-A003-B03_S1_L001_R2_001.fastq.gz,Sweden,Skatelov,56.75,14.55,160
342,Sweden-Skatelov.SKA40,SKA40,betula_pendula/40530_ID1242_228-SKA40-A003-D05_S1_L001_R1_001.fastq.gz,betula_pendula/40530_ID1242_228-SKA40-A003-D05_S1_L001_R2_001.fastq.gz,Sweden,Skatelov,56.75,14.55,160
343,Sweden-Skatelov.SKA42,SKA42,betula_pendula/40730_ID1242_32-SKA42-A001-H04_S1_L001_R1_001.fastq.gz,betula_pendula/40730_ID1242_32-SKA42-A001-H04_S1_L001_R2_001.fastq.gz,Sweden,Skatelov,56.75,14.55,160
344,Sweden-Skatelov.SKA43,SKA43,betula_pendula/40603_ID1242_301-SKA43-A004-E02_S1_L001_R1_001.fastq.gz,betula_pendula/40603_ID1242_301-SKA43-A004-E02_S1_L001_R2_001.fastq.gz,Sweden,Skatelov,56.75,14.55,160
345,Sweden-Skatelov.SKA44,SKA44,betula_pendula/40733_ID1242_35-SKA44-A001-C05_S1_L001_R1_001.fastq.gz,betula_pendula/40733_ID1242_35-SKA44-A001-C05_S1_L001_R2_001.fastq.gz,Sweden,Skatelov,56.75,14.55,160
346,Sweden-Skatelov.SKA45,SKA45,betula_pendula/40764_ID1242_66-SKA45-A001-B09_S1_L001_R1_001.fastq.gz,betula_pendula/40764_ID1242_66-SKA45-A001-B09_S1_L001_R2_001.fastq.gz,Sweden,Skatelov,56.75,14.55,160
347,Sweden-Skatelov.SKA46,SKA46,betula_pendula/40563_ID1242_261-SKA46-A003-E09_S1_L001_R1_001.fastq.gz,betula_pendula/40563_ID1242_261-SKA46-A003-E09_S1_L001_R2_001.fastq.gz,Sweden,Skatelov,56.75,14.55,160
348,Sweden-Skatelov.SKA49,SKA49,betula_pendula/40881_ID1242_183-SKA49-A002-G11_S1_L001_R1_001.fastq.gz,betula_pendula/40881_ID1242_183-SKA49-A002-G11_S1_L001_R2_001.fastq.gz,Sweden,Skatelov,56.75,14.55,160
349,Sweden-Skatelov.SKA51,SKA51,betula_pendula/40882_ID1242_184-SKA51-A002-H11_S1_L001_R1_001.fastq.gz,betula_pendula/40882_ID1242_184-SKA51-A002-H11_S1_L001_R2_001.fastq.gz,Sweden,Skatelov,56.75,14.55,160
350,Sweden-Skatelov.SKA55,SKA55,betula_pendula_resequence/45503_ID1242_269-SKA55-A003-E10_S1_L001_R1_001.fastq.gz,betula_pendula_resequence/45503_ID1242_269-SKA55-A003-E10_S1_L001_R2_001.fastq.gz,Sweden,Skatelov,56.75,14.55,160
351,Sweden-Skatelov.SKA57,SKA57,betula_pendula/40644_ID1242_342-SKA57-A004-F07_S1_L001_R1_001.fastq.gz,betula_pendula/40644_ID1242_342-SKA57-A004-F07_S1_L001_R2_001.fastq.gz,Sweden,Skatelov,56.75,14.55,160
352,Sweden-Vallerstad.VAL04,VAL04,betula_pendula_resequence/45505_ID1242_340-VAL04-A004-D07_S3_L001_R1_001.fastq.gz,betula_pendula_resequence/45505_ID1242_340-VAL04-A004-D07_S3_L001_R2_001.fastq.gz,Sweden,Vallerstad,58.41,15.1,80
353,Sweden-Vallerstad.VAL05,VAL05,betula_pendula/40566_ID1242_264-VAL05-A003-H09_S1_L001_R1_001.fastq.gz,betula_pendula/40566_ID1242_264-VAL05-A003-H09_S1_L001_R2_001.fastq.gz,Sweden,Vallerstad,58.41,15.1,80
354,Sweden-Vallerstad.VAL06,VAL06,betula_pendula/40653_ID1242_351-VAL06-A004-G08_S1_L001_R1_001.fastq.gz,betula_pendula/40653_ID1242_351-VAL06-A004-G08_S1_L001_R2_001.fastq.gz,Sweden,Vallerstad,58.41,15.1,80
355,Sweden-Vallerstad.VAL07,VAL07,betula_pendula/40516_ID1242_214-VAL07-A003-F03_S1_L001_R1_001.fastq.gz,betula_pendula/40516_ID1242_214-VAL07-A003-F03_S1_L001_R2_001.fastq.gz,Sweden,Vallerstad,58.41,15.1,80
356,Sweden-Vallerstad.VAL51,VAL51,betula_pendula/40637_ID1242_335-VAL51-A004-G06_S1_L001_R1_001.fastq.gz,betula_pendula/40637_ID1242_335-VAL51-A004-G06_S1_L001_R2_001.fastq.gz,Sweden,Vallerstad,58.41,15.1,80
357,Sweden-Vallerstad.VAL52,VAL52,betula_pendula/40623_ID1242_321-VAL52-A004-A05_S1_L001_R1_001.fastq.gz,betula_pendula/40623_ID1242_321-VAL52-A004-A05_S1_L001_R2_001.fastq.gz,Sweden,Vallerstad,58.41,15.1,80
358,Sweden-Vallerstad.VAL53,VAL53,betula_pendula/40650_ID1242_348-VAL53-A004-D08_S1_L001_R1_001.fastq.gz,betula_pendula/40650_ID1242_348-VAL53-A004-D08_S1_L001_R2_001.fastq.gz,Sweden,Vallerstad,58.41,15.1,80
359,Sweden-Vallerstad.VAL54,VAL54,betula_pendula/40904_ID1242_398-VAL54-A005-F02_S1_L001_R1_001.fastq.gz,betula_pendula/40904_ID1242_398-VAL54-A005-F02_S1_L001_R2_001.fastq.gz,Sweden,Vallerstad,58.41,15.1,80
360,Sweden-Vallerstad.VAL55,VAL55,betula_pendula/40636_ID1242_334-VAL55-A004-F06_S1_L001_R1_001.fastq.gz,betula_pendula/40636_ID1242_334-VAL55-A004-F06_S1_L001_R2_001.fastq.gz,Sweden,Vallerstad,58.41,15.1,80
361,Sweden-Vallerstad.VAL57,VAL57,betula_pendula/40591_ID1242_289-VAL57-A004-A01_S1_L001_R1_001.fastq.gz,betula_pendula/40591_ID1242_289-VAL57-A004-A01_S1_L001_R2_001.fastq.gz,Sweden,Vallerstad,58.41,15.1,80
362,Sweden-Vallerstad.VAL58,VAL58,betula_pendula/40668_ID1242_366-VAL58-A004-F10_S1_L001_R1_001.fastq.gz,betula_pendula/40668_ID1242_366-VAL58-A004-F10_S1_L001_R2_001.fastq.gz,Sweden,Vallerstad,58.41,15.1,80
363,Sweden-Vallerstad.VAL64,VAL64,betula_pendula/40634_ID1242_332-VAL64-A004-D06_S1_L001_R1_001.fastq.gz,betula_pendula/40634_ID1242_332-VAL64-A004-D06_S1_L001_R2_001.fastq.gz,Sweden,Vallerstad,58.41,15.1,80
364,Sweden-Vallerstad.VAL68,VAL68,betula_pendula/40497_ID1242_195-VAL68-A003-C01_S1_L001_R1_001.fastq.gz,betula_pendula/40497_ID1242_195-VAL68-A003-C01_S1_L001_R2_001.fastq.gz,Sweden,Vallerstad,58.41,15.1,80
365,Sweden-Vallerstad.VAL71,VAL71,betula_pendula/40543_ID1242_241-VAL71-A003-A07_S1_L001_R1_001.fastq.gz,betula_pendula/40543_ID1242_241-VAL71-A003-A07_S1_L001_R2_001.fastq.gz,Sweden,Vallerstad,58.41,15.1,80
366,Sweden-Vallerstad.VAL72,VAL72,betula_pendula/40663_ID1242_361-VAL72-A004-A10_S1_L001_R1_001.fastq.gz,betula_pendula/40663_ID1242_361-VAL72-A004-A10_S1_L001_R2_001.fastq.gz,Sweden,Vallerstad,58.41,15.1,80
367,Sweden-Vallerstad.VAL74,VAL74,betula_pendula/40903_ID1242_397-VAL74-A005-E02_S1_L001_R1_001.fastq.gz,betula_pendula/40903_ID1242_397-VAL74-A005-E02_S1_L001_R2_001.fastq.gz,Sweden,Vallerstad,58.41,15.1,80
368,Sweden-Vallerstad.VAL75,VAL75,betula_pendula/40524_ID1242_222-VAL75-A003-F04_S1_L001_R1_001.fastq.gz,betula_pendula/40524_ID1242_222-VAL75-A003-F04_S1_L001_R2_001.fastq.gz,Sweden,Vallerstad,58.41,15.1,80
369,Sweden-Vallerstad.VAL77,VAL77,betula_pendula/40910_ID1242_404-VAL77-A005-D03_S1_L001_R1_001.fastq.gz,betula_pendula/40910_ID1242_404-VAL77-A005-D03_S1_L001_R2_001.fastq.gz,Sweden,Vallerstad,58.41,15.1,80
370,Sweden-Vallerstad.VAL78,VAL78,betula_pendula/40640_ID1242_338-VAL78-A004-B07_S1_L001_R1_001.fastq.gz,betula_pendula/40640_ID1242_338-VAL78-A004-B07_S1_L001_R2_001.fastq.gz,Sweden,Vallerstad,58.41,15.1,80
371,Sweden-Vallerstad.VAL82,VAL82,betula_pendula/40666_ID1242_364-VAL82-A004-D10_S1_L001_R1_001.fastq.gz,betula_pendula/40666_ID1242_364-VAL82-A004-D10_S1_L001_R2_001.fastq.gz,Sweden,Vallerstad,58.41,15.1,80
372,Sweden-Vallerstad.VAL83,VAL83,betula_pendula/40570_ID1242_268-VAL83-A003-D10_S1_L001_R1_001.fastq.gz,betula_pendula/40570_ID1242_268-VAL83-A003-D10_S1_L001_R2_001.fastq.gz,Sweden,Vallerstad,58.41,15.1,80
373,Sweden-Vallerstad.VAL92,VAL92,betula_pendula/40784_ID1242_86-VAL92-A001-F11_S1_L001_R1_001.fastq.gz,betula_pendula/40784_ID1242_86-VAL92-A001-F11_S1_L001_R2_001.fastq.gz,Sweden,Vallerstad,58.41,15.1,80
374,Sweden-Vallerstad.VAL93,VAL93,betula_pendula/40820_ID1242_122-VAL93-A002-B04_S1_L001_R1_001.fastq.gz,betula_pendula/40820_ID1242_122-VAL93-A002-B04_S1_L001_R2_001.fastq.gz,Sweden,Vallerstad,58.41,15.1,80
375,Sweden-Vallerstad.VAL94,VAL94,betula_pendula/40659_ID1242_357-VAL94-A004-E09_S1_L001_R1_001.fastq.gz,betula_pendula/40659_ID1242_357-VAL94-A004-E09_S1_L001_R2_001.fastq.gz,Sweden,Vallerstad,58.41,15.1,80
376,Sweden-Vallerstad.VAL97,VAL97,betula_pendula/40629_ID1242_327-VAL97-A004-G05_S1_L001_R1_001.fastq.gz,betula_pendula/40629_ID1242_327-VAL97-A004-G05_S1_L001_R2_001.fastq.gz,Sweden,Vallerstad,58.41,15.1,80
